humidite_sol,temperature_air,humidite_air,pluie_prevue_mm,type_sol,type_culture,besoin_arrosage,quantite_eau_litres_m2
22.5,12.0,57.3,0.7,Sableux,Arboriculture,1,8.0
65.0,20.7,38.6,6.5,Argileux,Maraîchage,1,6.0
18.5,32.9,69.0,3.1,Limoneux,Céréales,0,0.0
38.7,21.6,28.9,3.1,Limoneux,Céréales,0,0.0
32.1,20.2,77.3,6.9,Limoneux,Arboriculture,1,8.0
48.6,35.2,47.6,3.0,Argileux,Maraîchage,1,7.98
30.9,35.4,29.8,15.1,Sableux,Céréales,0,0.0
39.0,29.6,83.7,1.3,Argileux,Maraîchage,1,7.19
39.8,22.8,53.8,2.8,Sableux,Arboriculture,0,0.0
28.8,24.3,89.3,0.8,Sableux,Céréales,0,0.0
55.7,20.4,77.0,2.4,Limoneux,Céréales,0,0.0
50.2,19.0,40.6,1.7,Argileux,Céréales,0,0.0
43.1,18.7,53.5,0.6,Argileux,Maraîchage,1,6.6
35.5,21.7,57.2,0.9,Argileux,Arboriculture,1,10.68
62.5,18.8,82.5,1.3,Argileux,Céréales,1,4.0
39.8,15.1,62.9,2.1,Argileux,Maraîchage,1,6.0
38.3,27.5,58.2,3.6,Limoneux,Céréales,1,4.03
47.3,27.6,51.4,1.3,Sableux,Arboriculture,0,0.0
82.3,37.9,54.1,0.8,Argileux,Arboriculture,1,8.0
15.5,21.3,78.5,5.9,Limoneux,Céréales,1,4.1
61.9,28.1,55.1,8.3,Limoneux,Maraîchage,0,0.0
3.4,28.2,47.9,1.8,Limoneux,Céréales,1,8.99
49.8,24.2,44.8,1.8,Sableux,Céréales,0,0.0
79.7,31.2,45.0,0.2,Argileux,Céréales,0,0.0
55.8,31.4,29.8,1.0,Argileux,Maraîchage,0,0.0
48.8,28.3,41.5,0.9,Limoneux,Céréales,1,4.61
32.7,24.2,82.0,2.5,Limoneux,Céréales,0,0.0
45.7,23.5,51.3,0.4,Argileux,Arboriculture,1,9.77
39.5,16.4,67.7,1.2,Limoneux,Céréales,0,0.0
27.7,20.4,10.4,3.9,Limoneux,Céréales,0,0.0
38.6,21.6,65.2,3.4,Limoneux,Céréales,1,4.0
49.4,18.1,52.1,1.1,Sableux,Maraîchage,0,0.0
28.1,29.1,46.3,0.4,Sableux,Maraîchage,1,9.2
27.3,34.4,58.3,1.2,Limoneux,Arboriculture,1,13.97
15.1,19.6,46.1,2.1,Argileux,Arboriculture,1,14.71
53.6,28.0,16.8,2.3,Sableux,Arboriculture,0,0.0
57.0,18.8,71.6,0.3,Argileux,Céréales,1,4.0
50.1,23.9,59.4,1.4,Argileux,Maraîchage,0,0.0
66.2,21.2,49.3,5.6,Sableux,Arboriculture,0,0.0
46.9,30.2,37.6,8.7,Limoneux,Céréales,1,4.0
53.6,21.2,28.5,8.9,Sableux,Maraîchage,0,0.0
51.7,33.1,59.0,0.3,Argileux,Arboriculture,1,10.43
43.0,24.3,84.0,7.9,Argileux,Arboriculture,0,0.0
33.3,21.5,58.7,4.8,Limoneux,Arboriculture,0,0.0
93.7,17.2,30.1,3.1,Sableux,Maraîchage,0,0.0
35.1,27.8,59.1,2.0,Argileux,Arboriculture,1,11.5
30.4,32.3,54.0,0.8,Limoneux,Céréales,1,6.65
54.5,27.9,70.6,2.7,Argileux,Céréales,1,4.0
50.5,41.7,65.9,0.4,Argileux,Arboriculture,1,12.28
14.1,36.0,10.0,0.2,Argileux,Céréales,1,11.71
69.7,23.8,64.8,7.5,Argileux,Maraîchage,0,0.0
42.9,23.8,36.9,0.8,Sableux,Maraîchage,0,0.0
20.6,29.3,29.4,7.0,Limoneux,Céréales,1,6.18
71.2,20.1,51.6,0.5,Limoneux,Arboriculture,0,0.0
58.8,34.2,62.4,0.9,Limoneux,Arboriculture,0,0.0
17.2,28.5,25.5,0.6,Sableux,Céréales,1,8.03
84.1,27.8,67.7,1.6,Limoneux,Arboriculture,0,0.0
59.5,30.8,68.7,5.8,Sableux,Arboriculture,0,0.0
44.8,38.1,55.8,7.1,Argileux,Céréales,0,0.0
80.0,27.2,39.4,2.0,Argileux,Céréales,1,4.0
48.5,25.2,37.4,3.3,Argileux,Arboriculture,1,8.67
44.4,36.6,73.5,0.3,Argileux,Céréales,1,5.88
30.5,32.8,27.8,0.3,Limoneux,Maraîchage,1,11.92
57.8,23.8,74.2,5.0,Argileux,Arboriculture,0,0.0
55.5,26.0,52.0,1.6,Limoneux,Céréales,0,0.0
45.3,27.4,53.3,4.3,Sableux,Céréales,0,0.0
27.6,28.5,24.3,1.6,Argileux,Arboriculture,1,16.37
47.9,16.5,52.4,2.3,Limoneux,Arboriculture,0,0.0
43.5,15.2,66.0,2.9,Sableux,Maraîchage,0,0.0
15.7,19.8,30.9,1.8,Limoneux,Céréales,1,7.22
12.6,19.2,64.0,1.5,Argileux,Maraîchage,1,10.61
57.4,21.5,56.6,1.5,Sableux,Céréales,0,0.0
2.0,30.4,43.4,0.4,Limoneux,Céréales,1,10.1
49.5,24.8,70.4,3.6,Sableux,Céréales,0,0.0
34.5,27.4,15.4,0.5,Argileux,Arboriculture,1,16.06
73.8,17.4,61.2,0.7,Limoneux,Céréales,0,0.0
34.1,22.8,84.1,1.6,Sableux,Céréales,0,0.0
59.5,30.1,80.9,1.6,Sableux,Céréales,0,0.0
36.3,30.2,62.0,1.4,Limoneux,Maraîchage,0,0.0
47.5,20.9,49.6,5.2,Argileux,Maraîchage,0,0.0
61.2,27.1,43.6,1.1,Argileux,Arboriculture,1,8.0
34.8,41.4,49.5,6.3,Limoneux,Maraîchage,1,8.44
66.9,25.9,64.8,2.7,Sableux,Maraîchage,0,0.0
23.1,21.1,40.5,2.4,Argileux,Arboriculture,1,13.56
51.5,24.8,68.6,2.8,Limoneux,Maraîchage,0,0.0
65.3,26.6,93.4,0.7,Argileux,Céréales,0,0.0
59.5,24.9,53.9,2.8,Sableux,Arboriculture,0,0.0
87.2,25.8,30.8,4.9,Sableux,Céréales,0,0.0
28.2,15.9,30.8,3.4,Argileux,Maraîchage,0,0.0
14.7,19.3,69.0,0.3,Argileux,Maraîchage,1,10.62
23.1,25.0,53.9,1.4,Limoneux,Arboriculture,0,0.0
59.5,24.8,70.8,0.1,Argileux,Maraîchage,0,0.0
56.0,22.0,45.4,1.3,Argileux,Arboriculture,0,0.0
47.2,24.8,70.0,0.5,Limoneux,Maraîchage,1,6.0
20.3,26.4,52.2,1.8,Argileux,Maraîchage,1,11.28
61.9,32.2,41.8,0.1,Sableux,Arboriculture,0,0.0
18.1,25.3,47.8,8.2,Sableux,Arboriculture,1,8.0
70.5,28.8,33.5,1.2,Argileux,Arboriculture,0,0.0
100.0,22.2,90.8,4.3,Limoneux,Arboriculture,0,0.0
53.1,30.0,53.3,0.7,Sableux,Maraîchage,1,6.0
57.8,28.6,66.6,3.8,Argileux,Arboriculture,0,0.0
34.2,32.1,45.3,1.3,Sableux,Arboriculture,1,11.19
5.2,31.0,36.1,2.9,Argileux,Maraîchage,1,15.09
31.7,30.1,50.8,8.2,Sableux,Maraîchage,0,0.0
21.0,25.3,74.8,3.3,Argileux,Arboriculture,1,11.8
13.2,27.7,45.6,0.4,Argileux,Maraîchage,0,0.0
82.9,33.4,39.3,6.7,Argileux,Arboriculture,0,0.0
51.0,21.4,57.8,4.0,Limoneux,Maraîchage,1,6.0
53.4,21.6,64.0,5.9,Limoneux,Maraîchage,0,0.0
38.2,27.3,84.6,6.8,Argileux,Maraîchage,1,6.0
41.2,28.9,61.4,0.9,Sableux,Maraîchage,0,0.0
66.2,20.2,66.6,1.2,Argileux,Arboriculture,0,0.0
44.3,25.5,67.9,4.3,Limoneux,Arboriculture,0,0.0
56.7,25.3,34.2,0.2,Limoneux,Arboriculture,0,0.0
40.7,10.5,37.7,1.1,Limoneux,Arboriculture,1,8.0
37.5,24.5,35.5,1.3,Limoneux,Maraîchage,0,0.0
14.0,24.9,31.0,6.0,Sableux,Arboriculture,1,11.57
2.0,24.9,69.3,8.5,Sableux,Céréales,0,0.0
39.2,35.9,60.2,0.5,Sableux,Céréales,1,5.23
46.2,17.5,56.4,2.1,Sableux,Arboriculture,0,0.0
16.7,20.2,10.0,3.9,Limoneux,Arboriculture,1,14.53
44.2,8.0,92.0,1.3,Argileux,Arboriculture,0,0.0
46.2,22.6,38.9,2.3,Limoneux,Céréales,1,4.0
2.0,23.2,91.9,0.8,Limoneux,Céréales,1,7.1
24.9,22.4,28.9,4.4,Argileux,Arboriculture,1,13.09
54.0,33.8,40.4,4.3,Limoneux,Maraîchage,0,0.0
53.5,32.0,15.3,1.7,Sableux,Maraîchage,1,6.78
19.6,26.5,61.5,1.3,Argileux,Céréales,1,7.43
48.5,23.4,35.2,0.9,Limoneux,Maraîchage,1,6.34
67.5,33.2,35.7,0.2,Limoneux,Maraîchage,0,0.0
62.1,25.9,30.3,2.4,Limoneux,Arboriculture,0,0.0
42.9,20.3,69.0,6.2,Limoneux,Arboriculture,0,0.0
34.7,14.0,67.8,0.4,Sableux,Céréales,0,0.0
31.2,22.9,87.6,1.6,Limoneux,Céréales,0,0.0
55.3,31.3,42.7,6.4,Argileux,Céréales,0,0.0
49.3,41.9,58.9,5.0,Sableux,Arboriculture,0,0.0
58.8,26.4,31.8,3.9,Limoneux,Céréales,0,0.0
47.9,20.6,49.0,0.0,Sableux,Maraîchage,0,0.0
63.0,17.7,45.7,3.4,Limoneux,Céréales,0,0.0
47.1,29.9,63.4,1.1,Limoneux,Céréales,0,0.0
62.3,13.6,73.3,4.3,Argileux,Arboriculture,1,8.0
64.2,29.9,72.8,0.8,Sableux,Arboriculture,0,0.0
27.3,31.7,39.8,0.0,Sableux,Arboriculture,1,13.95
5.2,29.1,73.0,2.1,Limoneux,Céréales,1,7.8
79.0,24.5,54.2,1.0,Argileux,Céréales,0,0.0
50.6,30.0,49.2,2.6,Argileux,Céréales,1,4.48
7.3,27.2,42.2,1.0,Sableux,Maraîchage,1,12.23
29.3,20.6,44.9,4.5,Sableux,Arboriculture,0,0.0
62.0,39.0,86.4,2.1,Argileux,Arboriculture,0,0.0
38.8,23.5,60.5,0.9,Sableux,Arboriculture,0,0.0
33.7,31.4,58.1,3.8,Argileux,Maraîchage,1,8.66
75.8,9.1,50.3,7.1,Sableux,Maraîchage,0,0.0
22.0,34.9,99.0,6.8,Argileux,Arboriculture,0,0.0
27.4,36.3,78.5,11.4,Sableux,Céréales,0,0.0
49.7,26.2,42.0,3.5,Limoneux,Arboriculture,0,0.0
53.6,29.9,50.1,2.8,Limoneux,Céréales,0,0.0
55.9,29.9,51.1,0.2,Sableux,Céréales,0,0.0
65.0,21.5,57.6,0.8,Limoneux,Céréales,0,0.0
49.4,29.8,42.4,1.1,Limoneux,Arboriculture,1,9.24
55.8,20.3,62.9,2.3,Argileux,Céréales,0,0.0
39.3,21.7,81.1,5.2,Argileux,Arboriculture,0,0.0
46.4,33.9,31.4,1.8,Limoneux,Maraîchage,1,8.49
47.4,32.8,34.7,0.9,Limoneux,Céréales,0,0.0
49.7,21.1,46.3,1.5,Limoneux,Arboriculture,0,0.0
62.0,20.9,47.1,0.1,Limoneux,Arboriculture,1,8.0
57.2,21.5,91.0,0.9,Argileux,Arboriculture,0,0.0
46.0,31.1,73.0,0.1,Sableux,Maraîchage,1,6.0
27.2,19.0,72.0,2.2,Sableux,Arboriculture,1,8.0
46.5,28.5,50.2,7.9,Limoneux,Arboriculture,0,0.0
44.4,31.2,49.8,1.6,Sableux,Arboriculture,1,8.12
49.2,25.4,28.9,4.2,Sableux,Maraîchage,1,6.0
93.5,33.1,69.1,3.5,Sableux,Arboriculture,0,0.0
33.5,23.9,63.8,2.9,Argileux,Arboriculture,1,9.8
54.3,24.5,78.1,5.4,Argileux,Arboriculture,0,0.0
68.5,19.2,51.2,2.5,Argileux,Maraîchage,0,0.0
47.2,33.1,52.4,2.9,Limoneux,Arboriculture,0,0.0
96.4,20.6,58.1,1.2,Argileux,Maraîchage,0,0.0
36.7,28.4,71.1,4.1,Sableux,Céréales,1,4.0
52.1,25.5,28.5,0.6,Argileux,Céréales,0,0.0
27.4,18.6,68.2,3.8,Limoneux,Céréales,1,4.0
37.3,21.7,54.6,11.5,Argileux,Arboriculture,0,0.0
50.5,35.7,35.9,0.9,Sableux,Maraîchage,1,7.17
63.6,27.4,17.5,4.1,Limoneux,Céréales,0,0.0
52.0,18.9,52.5,4.2,Argileux,Céréales,1,4.0
72.7,28.1,81.1,0.2,Limoneux,Céréales,1,4.0
42.9,25.0,85.1,3.4,Limoneux,Maraîchage,0,0.0
37.7,45.0,61.4,2.2,Sableux,Maraîchage,1,8.92
100.0,28.0,90.3,1.9,Limoneux,Maraîchage,0,0.0
53.7,23.3,54.2,6.3,Sableux,Céréales,0,0.0
29.2,35.9,72.2,1.2,Sableux,Céréales,1,5.62
29.7,13.1,46.9,11.6,Argileux,Céréales,0,0.0
24.3,26.7,45.7,2.1,Limoneux,Céréales,1,6.47
65.6,40.0,42.8,0.2,Limoneux,Maraîchage,1,6.65
37.0,25.2,17.9,0.3,Limoneux,Maraîchage,0,0.0
47.8,13.9,78.2,5.2,Argileux,Céréales,0,0.0
43.6,23.2,43.5,4.4,Sableux,Arboriculture,0,0.0
61.1,36.2,40.6,3.6,Limoneux,Maraîchage,0,0.0
26.4,28.6,33.8,0.3,Sableux,Arboriculture,1,13.65
21.3,20.1,51.3,3.0,Limoneux,Céréales,0,0.0
49.9,21.2,86.7,16.6,Argileux,Maraîchage,0,0.0
58.2,22.1,92.7,4.3,Limoneux,Céréales,0,0.0
52.3,28.5,25.1,0.9,Argileux,Maraîchage,1,8.55
27.2,35.4,48.6,4.5,Limoneux,Maraîchage,0,0.0
59.9,33.4,36.4,0.2,Argileux,Céréales,1,5.27
28.6,29.2,72.8,1.1,Limoneux,Céréales,1,5.6
33.5,16.7,60.2,7.2,Sableux,Arboriculture,0,0.0
24.2,16.7,43.5,4.6,Argileux,Maraîchage,1,7.78
73.6,29.7,56.3,4.5,Argileux,Arboriculture,0,0.0
58.9,16.6,46.4,3.2,Sableux,Maraîchage,0,0.0
58.3,24.4,84.1,6.1,Argileux,Maraîchage,0,0.0
72.4,28.1,64.8,1.0,Sableux,Arboriculture,0,0.0
100.0,18.0,67.1,8.3,Argileux,Arboriculture,0,0.0
7.4,18.8,10.0,4.7,Argileux,Céréales,1,8.65
28.8,25.3,53.8,0.3,Limoneux,Maraîchage,1,9.2
31.4,29.5,92.5,5.0,Argileux,Maraîchage,1,6.0
26.3,33.4,78.9,2.5,Sableux,Céréales,1,4.87
21.3,30.2,21.8,2.5,Sableux,Céréales,1,7.31
38.4,26.5,49.4,5.1,Sableux,Arboriculture,0,0.0
18.2,20.8,33.4,1.3,Limoneux,Maraîchage,1,10.72
52.4,18.5,85.8,0.2,Argileux,Maraîchage,1,6.0
46.1,22.4,59.4,9.7,Sableux,Arboriculture,1,8.0
55.6,28.9,41.2,9.7,Limoneux,Maraîchage,0,0.0
56.2,28.4,55.6,4.5,Argileux,Maraîchage,0,0.0
58.3,11.3,10.0,4.6,Sableux,Céréales,0,0.0
36.8,20.5,35.5,4.9,Argileux,Céréales,0,0.0
91.7,34.4,55.7,14.8,Sableux,Céréales,0,0.0
50.2,26.6,70.2,0.3,Argileux,Arboriculture,1,8.16
4.0,16.1,20.1,0.2,Limoneux,Arboriculture,1,18.08
22.9,42.5,48.1,1.0,Limoneux,Maraîchage,1,13.48
6.7,25.8,73.2,2.7,Sableux,Arboriculture,1,12.38
45.4,28.7,28.9,4.3,Limoneux,Céréales,0,0.0
42.3,28.8,59.1,2.2,Argileux,Maraîchage,1,7.5
34.7,23.4,56.2,3.4,Sableux,Arboriculture,0,0.0
89.2,20.9,85.9,1.8,Argileux,Maraîchage,0,0.0
57.1,40.9,50.9,1.9,Limoneux,Céréales,1,4.57
61.0,33.0,51.9,1.4,Argileux,Arboriculture,0,0.0
24.5,31.8,70.4,2.8,Limoneux,Maraîchage,1,8.83
23.0,30.0,31.1,0.4,Limoneux,Maraîchage,1,12.36
45.8,19.0,51.0,0.3,Sableux,Céréales,1,4.0
48.8,34.9,46.8,2.1,Limoneux,Arboriculture,1,9.65
4.2,20.1,52.5,1.3,Sableux,Maraîchage,0,0.0
41.0,28.0,70.3,1.3,Limoneux,Céréales,0,0.0
45.3,14.5,65.0,7.0,Sableux,Céréales,0,0.0
40.3,11.7,41.5,16.6,Limoneux,Maraîchage,0,0.0
27.1,28.2,57.5,2.9,Limoneux,Arboriculture,1,11.26
33.1,20.3,81.8,0.5,Sableux,Arboriculture,1,8.0
41.1,12.1,40.0,4.6,Argileux,Céréales,1,4.0
47.0,29.8,57.6,2.5,Limoneux,Maraîchage,0,0.0
58.3,40.8,51.5,4.3,Argileux,Maraîchage,1,6.59
68.8,35.7,53.9,3.0,Sableux,Céréales,0,0.0
38.5,24.2,25.6,0.4,Sableux,Céréales,1,5.21
35.0,26.1,80.4,3.2,Limoneux,Céréales,0,0.0
54.6,32.2,41.1,3.1,Sableux,Maraîchage,1,6.0
58.4,33.9,73.5,10.9,Sableux,Céréales,0,0.0
35.4,23.6,43.8,7.2,Limoneux,Maraîchage,0,0.0
62.4,26.2,43.7,13.0,Sableux,Arboriculture,0,0.0
66.6,28.1,76.8,8.6,Argileux,Arboriculture,0,0.0
73.4,29.9,72.9,0.4,Sableux,Céréales,1,4.0
84.1,25.1,58.8,0.2,Sableux,Maraîchage,0,0.0
25.9,25.2,68.7,6.3,Limoneux,Arboriculture,1,8.0
45.3,35.7,49.8,4.6,Argileux,Maraîchage,1,7.67
45.2,34.5,54.8,0.3,Sableux,Arboriculture,1,9.32
42.8,29.3,43.1,0.4,Sableux,Maraîchage,1,7.02
30.7,38.0,71.3,3.8,Argileux,Céréales,1,6.44
12.3,23.3,42.5,1.8,Argileux,Maraîchage,1,12.6
47.0,37.4,81.7,4.1,Limoneux,Maraîchage,1,6.0
28.1,29.8,49.3,1.3,Limoneux,Arboriculture,1,13.22
46.9,45.0,55.4,0.9,Limoneux,Arboriculture,1,12.85
27.5,17.7,68.7,9.8,Limoneux,Maraîchage,0,0.0
20.8,21.2,55.4,1.2,Limoneux,Arboriculture,0,0.0
50.2,28.9,49.6,7.2,Sableux,Maraîchage,0,0.0
48.3,28.8,54.5,1.2,Sableux,Maraîchage,0,0.0
57.7,39.7,71.1,0.0,Sableux,Maraîchage,1,6.0
93.1,21.3,43.1,0.0,Argileux,Céréales,0,0.0
51.1,32.3,52.7,2.1,Limoneux,Maraîchage,1,6.0
55.7,34.1,55.2,3.6,Limoneux,Céréales,0,0.0
21.3,30.9,70.6,0.3,Limoneux,Maraîchage,1,10.49
16.7,19.3,53.2,1.4,Argileux,Maraîchage,1,10.64
79.8,35.9,87.5,1.7,Sableux,Céréales,0,0.0
24.7,34.6,52.2,1.6,Sableux,Arboriculture,1,13.14
22.0,30.2,50.7,4.7,Sableux,Arboriculture,1,10.56
44.1,27.4,51.9,1.5,Limoneux,Céréales,1,4.37
43.0,27.6,31.3,2.6,Argileux,Maraîchage,0,0.0
25.1,25.4,36.3,2.4,Limoneux,Arboriculture,1,12.98
38.3,30.5,45.4,1.5,Limoneux,Arboriculture,1,11.35
72.0,26.2,75.4,0.4,Argileux,Arboriculture,0,0.0
27.3,20.1,54.4,1.0,Sableux,Arboriculture,0,0.0
14.3,18.7,46.3,0.0,Limoneux,Arboriculture,1,14.49
65.7,20.7,77.1,1.7,Limoneux,Arboriculture,0,0.0
55.8,27.6,82.9,3.4,Limoneux,Céréales,0,0.0
31.3,25.8,77.6,2.9,Argileux,Céréales,0,0.0
10.2,27.5,39.6,6.3,Sableux,Maraîchage,1,9.18
28.6,29.5,46.1,2.5,Argileux,Maraîchage,1,10.54
43.8,21.6,87.6,0.9,Sableux,Arboriculture,0,0.0
70.6,36.3,59.3,0.8,Limoneux,Arboriculture,1,8.0
22.2,24.1,50.2,3.9,Limoneux,Arboriculture,1,11.13
43.1,23.0,67.9,0.4,Argileux,Maraîchage,1,6.67
59.9,29.4,73.1,0.3,Limoneux,Céréales,0,0.0
2.0,13.1,44.7,9.6,Sableux,Maraîchage,0,0.0
67.7,20.5,58.9,2.0,Sableux,Arboriculture,0,0.0
19.0,32.9,71.7,1.9,Limoneux,Maraîchage,1,10.35
52.3,13.8,34.1,3.0,Argileux,Maraîchage,0,0.0
50.4,33.8,55.2,7.0,Sableux,Céréales,0,0.0
68.9,36.6,34.9,5.4,Argileux,Arboriculture,1,8.0
57.1,23.4,37.3,2.0,Limoneux,Arboriculture,0,0.0
2.0,28.0,44.9,4.0,Sableux,Maraîchage,1,11.53
27.7,33.8,63.6,2.0,Sableux,Maraîchage,1,8.32
48.0,22.7,49.2,6.8,Limoneux,Maraîchage,0,0.0
40.7,32.1,43.3,3.4,Sableux,Maraîchage,0,0.0
55.5,21.3,55.9,2.8,Sableux,Céréales,0,0.0
62.4,22.7,34.4,2.9,Limoneux,Maraîchage,0,0.0
58.4,20.4,62.7,0.4,Argileux,Maraîchage,0,0.0
40.3,28.4,75.4,7.0,Sableux,Céréales,0,0.0
4.4,34.1,53.6,9.1,Sableux,Maraîchage,1,9.12
35.0,24.7,51.4,0.6,Sableux,Maraîchage,1,6.82
54.2,17.1,61.7,0.2,Limoneux,Maraîchage,0,0.0
21.0,18.4,18.5,1.6,Argileux,Maraîchage,1,11.73
58.9,28.8,64.7,1.5,Argileux,Céréales,0,0.0
65.0,38.9,100.0,2.8,Argileux,Arboriculture,0,0.0
47.8,28.8,52.8,0.6,Argileux,Arboriculture,0,0.0
2.0,23.3,52.9,1.2,Sableux,Maraîchage,1,11.59
16.9,31.4,68.4,2.1,Sableux,Maraîchage,1,9.3
86.5,24.3,84.6,0.3,Limoneux,Céréales,0,0.0
33.0,23.4,72.5,0.6,Argileux,Céréales,1,5.34
2.0,19.3,16.2,4.2,Argileux,Arboriculture,0,0.0
72.2,35.9,65.1,0.4,Sableux,Arboriculture,0,0.0
45.3,8.2,100.0,9.2,Sableux,Céréales,0,0.0
69.3,31.6,66.2,3.3,Sableux,Maraîchage,0,0.0
51.1,22.8,34.2,6.0,Sableux,Maraîchage,0,0.0
55.1,23.1,60.1,0.6,Limoneux,Maraîchage,0,0.0
53.0,37.8,31.9,1.2,Limoneux,Maraîchage,1,8.45
60.3,21.0,77.2,5.0,Limoneux,Arboriculture,0,0.0
95.1,21.2,37.8,1.8,Sableux,Maraîchage,0,0.0
66.4,25.1,56.3,12.1,Argileux,Arboriculture,0,0.0
10.2,28.9,39.6,4.0,Limoneux,Céréales,1,7.9
54.8,22.9,45.2,13.5,Argileux,Céréales,0,0.0
70.1,15.0,81.8,0.8,Argileux,Céréales,0,0.0
71.5,19.9,56.9,8.2,Sableux,Arboriculture,0,0.0
35.6,35.0,44.9,0.5,Sableux,Maraîchage,0,0.0
70.6,26.5,34.4,5.4,Argileux,Maraîchage,0,0.0
65.4,29.2,21.3,2.6,Limoneux,Céréales,0,0.0
100.0,24.2,32.5,0.1,Sableux,Céréales,0,0.0
28.5,21.4,57.0,0.0,Limoneux,Céréales,0,0.0
33.8,37.7,72.6,3.8,Limoneux,Arboriculture,0,0.0
38.3,24.7,44.9,0.7,Argileux,Céréales,1,6.0
34.2,22.9,83.3,0.6,Sableux,Maraîchage,0,0.0
25.4,33.7,42.1,8.6,Argileux,Maraîchage,1,8.91
2.0,20.9,50.7,0.5,Argileux,Arboriculture,1,18.73
35.4,21.8,35.6,1.6,Sableux,Maraîchage,0,0.0
53.1,26.1,72.8,1.1,Sableux,Céréales,0,0.0
34.1,26.0,92.8,4.9,Limoneux,Céréales,1,4.0
87.6,27.8,23.3,6.2,Sableux,Arboriculture,0,0.0
45.3,40.6,48.8,1.7,Sableux,Arboriculture,1,10.4
73.4,28.4,77.8,4.1,Limoneux,Céréales,0,0.0
50.8,9.4,29.0,0.6,Argileux,Maraîchage,0,0.0
63.2,28.3,65.2,7.2,Argileux,Céréales,0,0.0
51.1,26.3,77.0,0.2,Sableux,Céréales,0,0.0
75.1,26.3,56.4,5.4,Argileux,Maraîchage,0,0.0
46.2,27.7,64.9,2.3,Sableux,Céréales,0,0.0
55.9,25.8,86.7,2.5,Argileux,Maraîchage,1,6.0
53.1,25.6,90.1,4.7,Argileux,Céréales,0,0.0
38.7,30.3,53.9,0.9,Argileux,Arboriculture,1,12.56
53.9,22.2,45.4,3.0,Sableux,Arboriculture,0,0.0
94.2,19.4,38.4,2.2,Argileux,Maraîchage,0,0.0
39.1,45.0,72.6,2.8,Sableux,Arboriculture,1,10.23
54.2,21.0,30.3,1.5,Limoneux,Maraîchage,1,6.0
72.7,26.7,50.5,0.3,Limoneux,Céréales,0,0.0
70.1,15.5,56.8,6.6,Sableux,Maraîchage,0,0.0
45.3,26.8,45.9,2.6,Sableux,Maraîchage,0,0.0
2.0,19.5,60.0,1.4,Argileux,Maraîchage,1,12.71
56.4,22.9,100.0,3.8,Limoneux,Maraîchage,0,0.0
2.0,33.3,52.8,0.7,Limoneux,Arboriculture,1,20.02
77.3,29.3,47.2,8.8,Limoneux,Maraîchage,0,0.0
48.7,30.0,73.3,0.3,Limoneux,Céréales,0,0.0
67.0,13.6,59.3,2.5,Argileux,Arboriculture,0,0.0
25.2,38.9,80.9,9.1,Sableux,Arboriculture,0,0.0
10.8,17.7,58.0,9.2,Argileux,Arboriculture,0,0.0
50.7,36.7,50.5,0.9,Argileux,Maraîchage,1,8.87
44.3,33.2,22.9,0.2,Limoneux,Arboriculture,1,13.42
34.2,30.0,25.8,1.6,Sableux,Céréales,0,0.0
46.9,20.0,22.0,0.6,Sableux,Maraîchage,0,0.0
100.0,27.1,61.8,1.8,Argileux,Céréales,0,0.0
63.4,22.7,30.5,0.7,Argileux,Arboriculture,0,0.0
68.1,26.2,77.6,0.1,Sableux,Céréales,1,4.0
63.6,24.3,55.5,0.9,Sableux,Maraîchage,0,0.0
77.5,11.7,50.6,9.5,Sableux,Arboriculture,0,0.0
40.8,33.9,39.8,0.4,Sableux,Arboriculture,0,0.0
2.0,25.4,66.2,1.0,Argileux,Arboriculture,1,18.28
40.9,22.6,40.5,1.6,Argileux,Arboriculture,1,10.62
62.9,22.1,37.3,3.9,Sableux,Arboriculture,0,0.0
23.7,28.5,76.4,5.5,Argileux,Céréales,1,5.16
41.1,19.7,61.4,2.5,Sableux,Maraîchage,0,0.0
29.8,10.2,50.8,9.0,Limoneux,Céréales,0,0.0
78.0,28.8,66.5,0.7,Limoneux,Maraîchage,0,0.0
61.5,29.6,55.2,6.1,Argileux,Céréales,0,0.0
59.3,24.6,61.9,1.8,Argileux,Céréales,1,4.0
58.7,18.0,40.3,4.0,Sableux,Arboriculture,0,0.0
44.2,26.6,92.3,0.4,Sableux,Maraîchage,1,6.0
49.3,15.7,44.6,2.4,Sableux,Maraîchage,0,0.0
18.9,18.8,83.0,3.2,Sableux,Arboriculture,1,8.0
2.0,20.7,51.6,4.5,Argileux,Maraîchage,1,11.81
48.3,31.9,69.5,16.1,Argileux,Céréales,0,0.0
52.1,23.5,68.2,8.0,Sableux,Arboriculture,0,0.0
71.6,22.9,75.6,1.9,Argileux,Céréales,0,0.0
79.6,39.7,39.9,1.2,Limoneux,Céréales,0,0.0
79.5,28.5,74.4,1.5,Limoneux,Arboriculture,0,0.0
23.0,28.4,88.2,10.8,Limoneux,Céréales,1,4.0
37.3,23.4,50.3,0.7,Sableux,Arboriculture,0,0.0
55.6,21.8,55.6,12.3,Argileux,Céréales,0,0.0
100.0,10.7,45.6,4.1,Sableux,Maraîchage,0,0.0
77.6,32.8,48.8,1.4,Sableux,Céréales,0,0.0
69.6,29.1,85.8,6.5,Sableux,Maraîchage,0,0.0
36.5,24.7,36.9,1.1,Sableux,Arboriculture,1,9.56
25.6,25.0,38.0,3.9,Sableux,Céréales,1,5.01
62.4,31.2,84.0,1.7,Sableux,Céréales,0,0.0
20.8,15.1,66.2,2.2,Argileux,Céréales,1,5.3
39.8,21.9,93.2,4.2,Argileux,Céréales,0,0.0
42.5,18.0,46.9,3.2,Sableux,Maraîchage,0,0.0
80.0,38.4,57.3,0.1,Sableux,Maraîchage,0,0.0
37.2,32.1,43.1,1.5,Limoneux,Céréales,1,6.09
2.0,10.6,57.6,2.0,Argileux,Maraîchage,1,10.79
56.1,15.4,23.1,0.6,Argileux,Arboriculture,1,8.0
29.6,25.1,67.3,3.2,Argileux,Maraîchage,1,7.86
45.9,22.7,60.8,1.7,Limoneux,Arboriculture,1,8.0
43.1,16.7,54.0,3.9,Limoneux,Céréales,0,0.0
39.0,39.6,48.0,0.0,Sableux,Céréales,1,6.39
62.4,28.2,38.9,8.8,Argileux,Maraîchage,0,0.0
11.3,29.3,68.1,1.0,Argileux,Céréales,0,0.0
33.6,21.2,33.9,1.6,Sableux,Arboriculture,1,9.19
60.0,31.1,64.2,1.7,Argileux,Maraîchage,1,6.0
31.5,23.3,92.3,0.9,Sableux,Maraîchage,0,0.0
9.6,24.0,81.7,1.7,Argileux,Céréales,1,7.26
59.7,30.3,27.9,1.8,Argileux,Maraîchage,1,7.01
69.7,14.6,45.3,0.0,Sableux,Maraîchage,0,0.0
44.0,37.2,62.6,1.3,Limoneux,Céréales,1,5.27
2.0,27.3,53.7,0.1,Sableux,Céréales,1,8.59
60.5,35.0,29.8,3.6,Limoneux,Céréales,1,4.0
8.5,18.5,61.9,3.2,Argileux,Arboriculture,1,13.82
51.8,19.5,54.8,2.7,Sableux,Arboriculture,0,0.0
25.5,17.9,89.5,2.1,Limoneux,Maraîchage,0,0.0
19.5,27.8,50.4,2.4,Argileux,Céréales,1,7.67
35.3,26.5,76.0,6.8,Sableux,Maraîchage,0,0.0
41.0,22.7,32.2,0.7,Sableux,Maraîchage,0,0.0
30.8,18.9,36.5,2.6,Limoneux,Maraîchage,1,7.4
58.0,17.1,68.0,12.3,Limoneux,Céréales,0,0.0
35.2,25.7,74.5,1.8,Limoneux,Arboriculture,0,0.0
66.6,22.7,37.8,0.7,Sableux,Arboriculture,0,0.0
51.2,21.2,55.4,1.3,Argileux,Céréales,0,0.0
29.7,36.8,30.1,1.5,Limoneux,Arboriculture,0,0.0
25.9,25.4,51.7,1.6,Sableux,Maraîchage,1,7.89
8.8,34.9,70.1,0.5,Argileux,Arboriculture,1,19.32
51.4,22.3,47.2,2.2,Argileux,Arboriculture,0,0.0
37.2,27.7,50.5,3.3,Limoneux,Maraîchage,0,0.0
2.0,25.6,34.7,0.3,Sableux,Céréales,1,9.05
33.2,14.1,43.3,0.6,Limoneux,Arboriculture,1,8.97
25.2,36.0,86.6,1.4,Limoneux,Céréales,1,6.22
79.7,25.1,56.3,3.2,Sableux,Arboriculture,0,0.0
7.5,31.2,37.0,0.7,Limoneux,Arboriculture,1,19.51
13.3,20.7,49.3,1.3,Argileux,Céréales,1,7.85
69.4,24.8,26.2,4.9,Sableux,Maraîchage,0,0.0
74.8,19.9,36.7,8.3,Argileux,Céréales,0,0.0
28.6,34.7,79.5,1.1,Sableux,Maraîchage,1,7.88
31.1,28.2,52.4,0.7,Argileux,Céréales,1,6.96
58.6,28.6,89.0,1.2,Limoneux,Céréales,0,0.0
2.0,35.5,53.3,3.1,Sableux,Céréales,1,8.63
4.1,34.1,54.4,0.3,Argileux,Maraîchage,1,16.16
38.8,31.4,66.5,0.1,Sableux,Maraîchage,1,6.84
79.1,16.0,10.0,12.0,Limoneux,Arboriculture,0,0.0
35.4,21.1,58.7,0.2,Sableux,Maraîchage,1,6.0
47.2,19.0,54.1,2.8,Argileux,Maraîchage,1,6.0
69.9,31.1,81.7,5.7,Argileux,Arboriculture,0,0.0
91.4,27.2,72.4,1.5,Argileux,Maraîchage,1,6.0
32.3,16.3,34.6,0.0,Limoneux,Céréales,1,5.41
44.6,24.7,77.4,3.5,Limoneux,Maraîchage,0,0.0
85.1,15.5,50.3,0.4,Limoneux,Maraîchage,0,0.0
11.5,25.6,38.7,0.5,Argileux,Céréales,1,9.39
67.6,14.4,58.5,2.2,Argileux,Céréales,0,0.0
22.6,29.7,51.4,2.2,Sableux,Maraîchage,0,0.0
47.3,28.6,82.7,9.5,Limoneux,Maraîchage,1,6.0
39.7,39.4,61.1,0.2,Sableux,Maraîchage,1,8.54
23.9,31.9,58.7,1.5,Sableux,Céréales,0,0.0
23.4,23.0,71.2,8.3,Argileux,Arboriculture,0,0.0
51.1,31.7,74.7,0.3,Sableux,Maraîchage,0,0.0
66.9,16.2,69.1,5.0,Argileux,Maraîchage,0,0.0
42.1,19.3,80.6,0.4,Limoneux,Céréales,0,0.0
46.5,28.3,66.0,1.9,Sableux,Céréales,0,0.0
57.6,10.9,58.0,3.2,Limoneux,Maraîchage,0,0.0
23.6,25.7,77.3,0.8,Limoneux,Maraîchage,0,0.0
61.3,18.9,53.4,0.7,Argileux,Céréales,1,4.0
63.0,26.7,55.6,2.2,Limoneux,Céréales,1,4.0
100.0,18.5,86.0,1.0,Argileux,Céréales,0,0.0
36.7,29.0,84.2,5.2,Argileux,Maraîchage,0,0.0
34.9,26.1,54.9,3.4,Argileux,Arboriculture,1,10.47
61.9,35.8,46.8,0.0,Limoneux,Céréales,0,0.0
63.0,26.0,81.3,0.8,Sableux,Céréales,1,4.0
33.2,20.6,69.4,1.3,Limoneux,Maraîchage,1,6.06
36.1,24.3,60.7,0.7,Sableux,Arboriculture,1,8.0
56.9,16.6,49.2,5.4,Limoneux,Arboriculture,0,0.0
26.8,28.8,61.0,8.8,Argileux,Maraîchage,1,6.52
36.0,30.1,54.6,0.4,Limoneux,Arboriculture,1,11.79
47.0,43.3,43.0,1.2,Sableux,Arboriculture,1,11.53
66.9,21.6,57.3,0.3,Limoneux,Maraîchage,0,0.0
31.7,24.1,59.8,0.6,Argileux,Arboriculture,1,12.22
4.5,22.0,48.2,6.0,Argileux,Maraîchage,1,11.07
2.8,27.5,71.3,0.9,Sableux,Maraîchage,1,11.34
17.3,28.7,78.2,3.5,Limoneux,Maraîchage,1,8.61
16.1,25.6,72.5,1.5,Limoneux,Céréales,1,6.4
41.6,33.6,50.0,6.8,Sableux,Céréales,0,0.0
18.8,21.7,68.6,0.4,Sableux,Céréales,1,5.32
29.5,32.9,56.4,1.0,Sableux,Maraîchage,1,8.79
28.0,29.8,32.8,1.9,Argileux,Maraîchage,1,11.8
35.3,25.9,67.1,1.1,Argileux,Arboriculture,1,10.96
74.1,23.8,57.6,2.9,Argileux,Arboriculture,0,0.0
59.6,43.0,100.0,0.8,Argileux,Arboriculture,1,8.0
45.4,20.3,81.2,4.3,Argileux,Maraîchage,0,0.0
34.9,28.1,67.8,0.8,Sableux,Arboriculture,1,8.53
35.5,20.7,59.5,9.2,Argileux,Arboriculture,1,8.0
52.2,38.5,57.9,4.0,Sableux,Céréales,1,4.0
57.9,32.2,36.9,3.2,Limoneux,Maraîchage,1,6.0
25.0,21.3,23.7,1.1,Limoneux,Arboriculture,1,13.88
45.8,29.6,39.3,0.1,Limoneux,Céréales,1,5.44
2.0,27.8,54.1,1.5,Sableux,Maraîchage,1,12.21
49.7,22.4,17.1,0.9,Sableux,Maraîchage,1,6.0
61.8,31.3,45.2,0.1,Argileux,Céréales,1,4.48
38.8,28.7,50.5,2.9,Sableux,Maraîchage,1,6.0
85.0,27.5,51.1,4.8,Sableux,Maraîchage,0,0.0
25.6,25.7,43.1,1.2,Argileux,Céréales,1,7.44
49.8,29.0,48.9,0.1,Sableux,Arboriculture,1,8.0
44.2,27.6,86.0,0.1,Argileux,Maraîchage,1,6.46
42.8,26.4,66.9,12.3,Argileux,Céréales,0,0.0
42.5,21.5,44.9,7.6,Limoneux,Arboriculture,0,0.0
47.4,37.9,53.8,0.5,Sableux,Arboriculture,0,0.0
63.7,18.6,54.5,3.7,Sableux,Arboriculture,0,0.0
75.3,29.0,41.2,0.9,Sableux,Maraîchage,0,0.0
45.0,23.8,41.2,0.0,Limoneux,Arboriculture,0,0.0
62.9,38.3,73.2,2.1,Sableux,Arboriculture,0,0.0
29.6,19.7,47.4,1.0,Limoneux,Maraîchage,1,7.96
61.9,20.9,35.3,0.7,Sableux,Céréales,0,0.0
28.2,19.2,54.2,1.3,Limoneux,Céréales,1,5.02
69.0,28.3,57.1,0.6,Sableux,Céréales,0,0.0
93.6,16.4,19.5,0.7,Argileux,Maraîchage,1,6.0
42.3,22.7,54.3,0.7,Sableux,Arboriculture,1,8.0
2.0,10.9,70.6,0.3,Sableux,Arboriculture,1,11.43
32.9,27.7,63.1,0.1,Sableux,Céréales,0,0.0
72.1,22.5,95.1,1.6,Argileux,Arboriculture,0,0.0
57.2,15.6,77.5,3.2,Sableux,Céréales,0,0.0
50.5,33.6,81.1,0.1,Limoneux,Arboriculture,0,0.0
67.2,16.8,100.0,3.2,Limoneux,Céréales,0,0.0
55.7,31.6,68.6,1.9,Limoneux,Céréales,0,0.0
71.8,21.1,57.9,0.0,Argileux,Maraîchage,1,6.0
65.2,37.2,72.5,0.4,Argileux,Céréales,1,4.0
78.5,31.2,44.9,0.5,Limoneux,Maraîchage,0,0.0
52.9,18.9,56.9,0.6,Argileux,Maraîchage,1,6.0
64.9,19.6,43.3,2.3,Sableux,Maraîchage,0,0.0
38.2,30.2,62.2,0.6,Argileux,Arboriculture,0,0.0
31.8,24.2,43.3,1.3,Limoneux,Maraîchage,0,0.0
82.5,24.8,42.6,7.7,Argileux,Arboriculture,0,0.0
49.8,34.9,62.4,13.4,Argileux,Arboriculture,0,0.0
62.7,20.8,52.5,2.2,Argileux,Maraîchage,0,0.0
47.7,26.6,20.3,0.7,Argileux,Céréales,1,6.22
32.1,32.7,28.8,0.7,Limoneux,Céréales,1,7.56
45.2,31.7,34.3,1.5,Sableux,Céréales,1,4.7
76.6,24.9,39.1,1.4,Limoneux,Arboriculture,0,0.0
57.2,24.0,62.5,0.8,Sableux,Céréales,0,0.0
7.3,13.8,58.9,6.6,Argileux,Céréales,0,0.0
40.3,18.6,74.2,1.8,Sableux,Céréales,1,4.0
84.2,28.2,68.6,1.8,Sableux,Arboriculture,0,0.0
40.3,25.0,74.3,11.3,Sableux,Céréales,0,0.0
5.4,26.5,66.0,2.9,Limoneux,Céréales,1,7.45
86.6,33.3,58.8,5.4,Limoneux,Arboriculture,0,0.0
60.0,17.7,74.8,1.8,Argileux,Arboriculture,0,0.0
43.5,24.3,71.5,6.7,Limoneux,Arboriculture,0,0.0
36.8,27.3,61.8,0.8,Sableux,Arboriculture,0,0.0
68.8,21.1,77.9,0.0,Sableux,Céréales,0,0.0
33.1,36.0,12.8,5.0,Sableux,Arboriculture,1,12.47
70.3,32.4,49.8,0.9,Limoneux,Maraîchage,0,0.0
56.9,28.0,49.5,2.7,Argileux,Maraîchage,1,6.0
50.4,38.6,75.7,2.1,Limoneux,Céréales,1,4.0
48.2,15.5,83.3,0.4,Argileux,Arboriculture,0,0.0
41.2,25.9,28.9,0.8,Sableux,Céréales,1,4.86
68.0,28.6,80.4,10.0,Sableux,Céréales,0,0.0
26.0,19.6,33.9,9.3,Argileux,Céréales,1,4.14
9.3,28.1,34.5,2.1,Sableux,Maraîchage,1,11.97
58.5,18.3,50.8,1.0,Sableux,Céréales,0,0.0
58.9,30.8,49.3,3.2,Limoneux,Céréales,0,0.0
55.6,33.4,26.9,5.6,Argileux,Céréales,0,0.0
54.0,27.9,66.7,8.9,Argileux,Céréales,0,0.0
37.9,13.0,67.2,0.7,Sableux,Maraîchage,0,0.0
62.3,19.2,74.0,0.9,Argileux,Arboriculture,0,0.0
44.0,30.0,47.2,0.2,Argileux,Céréales,0,0.0
34.3,26.1,54.3,0.1,Argileux,Maraîchage,1,9.72
38.1,8.0,54.5,1.0,Argileux,Céréales,1,4.0
89.5,34.7,85.4,0.2,Sableux,Céréales,0,0.0
6.8,27.0,10.0,3.5,Argileux,Maraîchage,1,15.29
56.0,20.3,37.8,1.3,Sableux,Maraîchage,0,0.0
8.1,33.0,55.1,0.7,Argileux,Maraîchage,1,14.99
42.6,21.3,35.5,2.5,Limoneux,Céréales,0,0.0
35.5,21.2,50.4,2.6,Argileux,Arboriculture,1,9.98
2.0,28.5,52.7,0.9,Limoneux,Arboriculture,0,0.0
53.6,38.5,43.2,3.0,Limoneux,Céréales,1,4.58
36.6,37.4,56.2,8.6,Limoneux,Arboriculture,1,8.0
2.0,28.5,66.3,6.4,Argileux,Maraîchage,0,0.0
63.5,29.2,50.7,0.2,Argileux,Arboriculture,0,0.0
76.6,31.5,46.8,1.3,Sableux,Céréales,1,4.0
77.8,17.2,52.0,4.1,Argileux,Arboriculture,0,0.0
52.9,30.5,54.9,5.5,Limoneux,Arboriculture,0,0.0
46.0,20.9,23.7,0.9,Sableux,Céréales,1,4.0
74.2,28.2,63.3,5.2,Limoneux,Maraîchage,0,0.0
82.0,24.4,46.9,2.5,Argileux,Céréales,0,0.0
69.9,29.5,77.7,6.5,Argileux,Arboriculture,0,0.0
24.3,26.8,65.6,2.5,Argileux,Arboriculture,1,12.73
49.4,8.0,76.1,6.6,Limoneux,Arboriculture,0,0.0
54.7,27.3,36.8,0.5,Argileux,Maraîchage,0,0.0
5.2,30.5,48.3,11.0,Limoneux,Céréales,1,5.87
55.3,29.1,32.6,0.2,Argileux,Maraîchage,1,8.07
95.0,25.3,42.3,4.7,Limoneux,Arboriculture,0,0.0
59.1,37.5,77.5,0.3,Sableux,Arboriculture,0,0.0
77.4,28.2,81.8,7.2,Sableux,Maraîchage,0,0.0
49.0,29.1,34.3,0.3,Sableux,Céréales,1,4.34
43.4,33.3,46.8,2.9,Sableux,Arboriculture,1,8.27
53.4,28.5,53.6,2.0,Limoneux,Arboriculture,0,0.0
27.1,19.7,65.5,0.8,Limoneux,Céréales,1,4.95
23.8,8.9,23.3,6.3,Sableux,Maraîchage,1,6.0
72.9,22.7,26.1,1.9,Limoneux,Arboriculture,0,0.0
75.2,31.3,63.8,2.8,Limoneux,Arboriculture,0,0.0
23.2,23.5,19.9,1.0,Sableux,Céréales,1,6.81
66.3,31.6,47.0,8.3,Limoneux,Arboriculture,0,0.0
43.1,27.0,57.9,3.1,Limoneux,Maraîchage,1,6.0
52.5,35.0,62.5,1.7,Limoneux,Céréales,0,0.0
55.1,23.9,52.4,3.1,Limoneux,Maraîchage,0,0.0
66.9,29.3,48.4,4.0,Argileux,Arboriculture,0,0.0
46.8,29.5,70.2,0.7,Sableux,Arboriculture,0,0.0
76.0,36.5,60.1,4.6,Limoneux,Arboriculture,0,0.0
51.8,14.1,43.4,0.7,Limoneux,Céréales,0,0.0
58.7,22.8,55.7,3.1,Sableux,Maraîchage,0,0.0
26.7,31.9,61.9,0.7,Argileux,Maraîchage,1,11.34
92.5,36.8,85.9,0.6,Sableux,Céréales,0,0.0
55.3,27.7,69.2,2.3,Sableux,Arboriculture,0,0.0
60.7,24.0,76.9,1.0,Argileux,Maraîchage,0,0.0
9.6,31.3,44.0,0.1,Argileux,Arboriculture,1,20.54
26.9,32.1,45.6,4.9,Argileux,Maraîchage,1,10.09
72.2,23.5,50.8,14.1,Argileux,Céréales,0,0.0
51.3,28.3,52.4,3.8,Argileux,Maraîchage,1,6.0
2.9,34.3,36.9,8.1,Limoneux,Céréales,1,8.07
67.8,39.2,77.8,4.2,Argileux,Céréales,0,0.0
33.0,31.2,70.9,14.6,Sableux,Maraîchage,0,0.0
76.0,26.3,49.5,1.7,Limoneux,Céréales,0,0.0
43.1,25.6,66.6,2.3,Limoneux,Arboriculture,0,0.0
49.5,29.9,59.0,1.4,Argileux,Arboriculture,1,9.27
70.9,25.2,68.0,10.5,Argileux,Maraîchage,0,0.0
25.3,27.3,30.8,2.1,Limoneux,Arboriculture,0,0.0
23.2,18.6,52.4,6.8,Limoneux,Arboriculture,1,8.0
40.7,35.1,54.0,0.4,Sableux,Arboriculture,0,0.0
63.2,18.0,66.2,0.9,Argileux,Céréales,0,0.0
15.7,23.0,43.7,2.7,Limoneux,Arboriculture,0,0.0
8.3,26.7,10.0,1.3,Limoneux,Céréales,1,9.94
63.1,39.9,35.5,1.0,Argileux,Maraîchage,1,8.3
31.7,23.0,53.9,1.5,Limoneux,Maraîchage,1,7.63
36.4,21.3,56.1,0.7,Sableux,Arboriculture,0,0.0
4.2,22.1,85.3,5.7,Sableux,Maraîchage,1,6.71
30.1,37.6,65.5,1.1,Sableux,Céréales,0,0.0
44.8,8.0,56.5,3.1,Argileux,Arboriculture,0,0.0
65.5,19.0,54.4,0.5,Sableux,Maraîchage,0,0.0
28.0,45.0,74.9,5.3,Sableux,Céréales,1,5.38
81.5,30.1,44.4,1.0,Limoneux,Maraîchage,0,0.0
29.9,18.3,52.5,1.5,Argileux,Céréales,1,5.51
30.0,25.7,35.4,5.2,Limoneux,Maraîchage,0,0.0
78.8,26.5,80.5,0.8,Argileux,Arboriculture,0,0.0
49.7,31.9,62.1,5.5,Argileux,Maraîchage,0,0.0
32.9,38.9,42.3,1.0,Sableux,Arboriculture,1,13.72
41.6,28.7,52.9,1.3,Argileux,Arboriculture,1,11.27
74.8,22.2,64.2,6.8,Limoneux,Arboriculture,0,0.0
77.3,31.5,50.5,0.4,Limoneux,Arboriculture,0,0.0
27.0,21.1,45.4,1.4,Sableux,Maraîchage,1,7.38
44.1,18.8,43.2,1.3,Limoneux,Arboriculture,1,8.0
47.0,13.7,61.1,3.1,Argileux,Céréales,1,4.0
23.3,15.0,48.6,2.4,Limoneux,Arboriculture,1,9.72
43.8,19.7,46.8,2.4,Sableux,Arboriculture,0,0.0
45.1,17.8,31.0,2.9,Limoneux,Céréales,0,0.0
70.1,28.2,56.4,3.6,Argileux,Céréales,0,0.0
71.6,17.6,51.7,10.7,Argileux,Maraîchage,0,0.0
37.8,8.0,49.2,4.7,Sableux,Maraîchage,0,0.0
40.3,18.7,58.6,1.1,Argileux,Céréales,1,4.31
59.6,22.7,68.5,0.7,Argileux,Arboriculture,0,0.0
32.1,21.8,67.6,1.8,Sableux,Céréales,1,4.0
58.0,36.6,64.9,3.0,Argileux,Céréales,0,0.0
43.1,21.7,50.7,3.7,Limoneux,Maraîchage,1,6.0
23.7,32.2,44.8,2.0,Limoneux,Céréales,1,7.33
23.9,25.9,36.2,2.2,Limoneux,Céréales,1,6.77
76.8,25.7,44.3,1.5,Argileux,Arboriculture,0,0.0
41.6,20.2,55.4,1.4,Argileux,Arboriculture,0,0.0
81.1,25.6,40.8,3.1,Argileux,Céréales,0,0.0
33.7,20.6,56.7,1.5,Argileux,Arboriculture,1,10.43
51.4,27.2,37.6,2.1,Argileux,Céréales,0,0.0
97.6,24.3,25.1,5.9,Sableux,Arboriculture,0,0.0
21.7,19.4,69.7,9.5,Sableux,Céréales,0,0.0
3.2,32.9,46.5,0.1,Argileux,Maraîchage,1,16.65
73.3,29.0,39.9,2.4,Limoneux,Céréales,0,0.0
26.8,22.9,35.3,1.0,Sableux,Maraîchage,1,8.57
44.5,27.0,62.6,3.5,Sableux,Maraîchage,1,6.0
32.1,25.4,79.7,0.2,Limoneux,Arboriculture,0,0.0
50.9,19.9,47.7,2.5,Limoneux,Arboriculture,0,0.0
24.1,26.5,51.1,0.6,Sableux,Maraîchage,1,8.98
41.0,21.7,74.3,2.4,Sableux,Arboriculture,1,8.0
54.9,19.4,22.4,0.2,Sableux,Maraîchage,0,0.0
22.8,14.6,90.4,1.7,Limoneux,Maraîchage,0,0.0
29.6,23.5,99.0,0.1,Sableux,Arboriculture,0,0.0
37.4,30.0,10.0,2.0,Limoneux,Maraîchage,1,10.41
13.6,21.1,53.2,7.5,Limoneux,Arboriculture,1,9.54
35.7,43.6,42.1,0.7,Limoneux,Arboriculture,1,16.11
47.6,32.2,50.2,0.9,Argileux,Maraîchage,0,0.0
36.2,35.1,47.5,3.4,Limoneux,Maraîchage,1,8.61
39.0,31.6,69.6,7.0,Argileux,Arboriculture,0,0.0
44.6,39.0,53.0,3.5,Argileux,Céréales,1,5.89
30.6,20.5,38.6,4.6,Argileux,Céréales,1,5.21
60.2,8.1,51.9,0.2,Argileux,Céréales,1,4.0
76.6,22.9,64.3,1.4,Limoneux,Céréales,0,0.0
34.8,29.9,33.7,1.0,Limoneux,Arboriculture,1,13.26
55.7,27.1,25.4,0.1,Sableux,Céréales,0,0.0
39.7,27.9,90.9,4.4,Limoneux,Maraîchage,0,0.0
53.0,35.2,43.4,4.1,Sableux,Céréales,0,0.0
79.4,28.7,52.5,0.2,Argileux,Arboriculture,1,8.0
56.2,31.6,47.8,8.2,Argileux,Maraîchage,1,6.0
6.0,19.4,64.9,1.1,Sableux,Céréales,1,6.34
55.0,18.3,86.9,3.4,Argileux,Arboriculture,0,0.0
72.1,37.3,65.4,2.5,Sableux,Céréales,1,4.0
40.1,26.7,27.7,3.6,Argileux,Maraîchage,1,8.59
66.9,21.6,30.1,0.3,Sableux,Maraîchage,0,0.0
29.8,21.7,47.8,2.6,Limoneux,Céréales,1,4.96
12.3,21.5,50.2,1.2,Limoneux,Céréales,1,7.25
48.1,21.0,24.0,0.2,Argileux,Arboriculture,1,10.91
6.4,17.0,69.7,0.5,Limoneux,Céréales,1,6.81
39.7,15.5,35.4,2.1,Argileux,Arboriculture,0,0.0
73.3,24.6,81.9,1.7,Argileux,Maraîchage,0,0.0
3.0,21.8,87.8,1.9,Sableux,Céréales,1,5.79
16.9,33.8,50.5,1.1,Argileux,Maraîchage,1,13.79
22.3,28.1,62.9,2.9,Argileux,Céréales,1,6.7
43.6,27.9,32.8,0.2,Limoneux,Maraîchage,1,8.53
37.0,20.8,66.2,0.9,Argileux,Céréales,1,4.73
75.8,25.2,46.0,3.0,Argileux,Céréales,0,0.0
66.0,28.5,35.4,8.2,Argileux,Maraîchage,0,0.0
55.9,31.0,49.8,1.7,Argileux,Maraîchage,0,0.0
48.2,25.3,46.6,1.6,Limoneux,Céréales,1,4.0
53.7,33.6,49.1,0.6,Sableux,Arboriculture,0,0.0
26.0,26.1,72.1,5.4,Argileux,Maraîchage,1,7.18
63.9,31.5,40.9,2.0,Limoneux,Céréales,0,0.0
20.5,22.6,86.2,2.9,Limoneux,Maraîchage,1,6.7
63.4,13.3,31.1,0.7,Sableux,Arboriculture,0,0.0
71.1,27.9,84.1,1.9,Sableux,Céréales,0,0.0
49.6,31.1,36.7,0.9,Sableux,Arboriculture,0,0.0
41.1,30.0,55.0,5.5,Argileux,Maraîchage,1,6.44
53.8,29.0,46.2,1.7,Sableux,Maraîchage,1,6.0
2.0,23.6,48.8,3.1,Sableux,Céréales,1,7.25
51.6,20.4,69.4,4.0,Argileux,Céréales,0,0.0
42.5,29.9,82.0,0.0,Limoneux,Arboriculture,0,0.0
43.9,29.0,76.4,1.4,Limoneux,Arboriculture,0,0.0
60.5,22.1,47.7,1.6,Argileux,Arboriculture,0,0.0
43.4,33.8,58.3,3.0,Limoneux,Céréales,1,4.47
19.9,19.8,40.9,0.8,Sableux,Céréales,0,0.0
41.9,21.9,37.2,1.4,Argileux,Céréales,0,0.0
46.5,37.5,34.4,2.1,Sableux,Maraîchage,1,7.65
47.5,32.1,47.1,2.6,Limoneux,Céréales,0,0.0
48.6,23.5,59.5,6.4,Argileux,Céréales,1,4.0
67.9,28.0,20.6,1.6,Argileux,Maraîchage,1,6.0
21.1,27.1,54.2,0.4,Limoneux,Maraîchage,1,10.72
48.9,8.0,82.3,5.3,Argileux,Céréales,0,0.0
73.4,19.7,75.2,0.9,Limoneux,Céréales,0,0.0
6.8,25.6,44.5,5.7,Limoneux,Arboriculture,0,0.0
49.0,23.5,29.9,0.9,Sableux,Céréales,0,0.0
32.1,27.7,63.3,0.1,Limoneux,Arboriculture,0,0.0
36.8,33.9,13.3,2.1,Limoneux,Céréales,1,7.33
25.1,23.7,75.0,8.4,Argileux,Maraîchage,1,6.0
41.3,18.6,51.2,1.5,Sableux,Maraîchage,1,6.0
85.5,28.3,88.0,0.6,Argileux,Arboriculture,0,0.0
17.2,23.7,23.9,0.6,Argileux,Céréales,1,9.09
19.3,24.9,71.5,5.2,Argileux,Maraîchage,1,8.22
16.4,24.0,53.2,3.2,Limoneux,Céréales,1,6.33
83.0,41.7,49.0,1.6,Sableux,Arboriculture,1,8.0
34.8,10.3,30.3,0.2,Sableux,Céréales,0,0.0
44.4,23.3,65.7,2.6,Argileux,Maraîchage,1,6.0
36.1,26.0,67.2,5.1,Argileux,Maraîchage,1,6.0
24.2,20.5,87.1,0.2,Limoneux,Arboriculture,1,9.37
39.8,32.3,73.1,0.9,Sableux,Arboriculture,0,0.0
99.1,31.7,44.3,2.6,Sableux,Arboriculture,0,0.0
75.6,25.7,36.9,6.1,Limoneux,Arboriculture,0,0.0
26.2,24.1,30.4,13.8,Limoneux,Maraîchage,1,6.0
59.2,25.2,81.5,5.5,Sableux,Maraîchage,0,0.0
26.7,25.3,41.0,2.9,Argileux,Maraîchage,0,0.0
5.9,25.5,81.6,1.2,Limoneux,Maraîchage,1,10.84
67.4,24.7,64.5,0.9,Sableux,Arboriculture,0,0.0
70.5,27.8,60.9,0.0,Sableux,Arboriculture,0,0.0
68.0,31.3,49.5,1.7,Limoneux,Maraîchage,0,0.0
34.7,17.4,66.9,3.7,Argileux,Arboriculture,0,0.0
41.3,18.6,54.7,1.6,Argileux,Céréales,0,0.0
61.5,13.8,48.4,4.4,Limoneux,Maraîchage,0,0.0
53.6,32.1,67.5,7.4,Sableux,Arboriculture,0,0.0
36.3,27.8,52.4,1.1,Argileux,Arboriculture,1,12.35
9.4,29.5,40.6,2.1,Limoneux,Céréales,1,8.68
47.5,16.0,65.8,1.6,Sableux,Arboriculture,0,0.0
68.7,38.5,53.8,1.2,Limoneux,Céréales,1,4.0
18.7,21.7,63.8,6.1,Sableux,Arboriculture,1,8.0
59.1,27.2,46.8,1.5,Sableux,Céréales,1,4.0
52.3,32.0,33.2,1.0,Limoneux,Arboriculture,1,9.98
61.5,19.1,86.2,10.2,Argileux,Maraîchage,0,0.0
64.2,22.2,82.8,4.8,Argileux,Maraîchage,0,0.0
29.7,27.3,70.9,0.1,Argileux,Arboriculture,1,12.88
9.4,45.0,48.0,0.5,Limoneux,Maraîchage,1,16.44
33.3,28.1,49.6,0.2,Sableux,Maraîchage,1,8.08
64.6,37.2,79.9,0.0,Limoneux,Arboriculture,0,0.0
33.1,34.4,48.6,26.9,Argileux,Maraîchage,0,0.0
29.7,28.6,43.6,4.7,Sableux,Céréales,0,0.0
4.9,19.1,88.7,2.4,Argileux,Maraîchage,1,9.89
83.6,33.4,54.1,5.4,Argileux,Maraîchage,1,6.0
63.2,15.5,86.8,1.6,Sableux,Arboriculture,0,0.0
61.9,37.2,29.8,15.2,Argileux,Maraîchage,0,0.0
66.3,27.4,64.3,1.6,Argileux,Maraîchage,0,0.0
57.7,8.0,92.3,1.8,Sableux,Arboriculture,0,0.0
39.6,23.6,55.5,2.9,Sableux,Arboriculture,1,8.0
41.4,30.6,50.2,6.8,Limoneux,Maraîchage,1,6.0
35.6,24.3,34.0,0.3,Argileux,Arboriculture,1,13.69
100.0,31.0,74.5,2.1,Sableux,Céréales,0,0.0
57.2,20.0,41.1,3.7,Limoneux,Arboriculture,1,8.0
34.8,16.9,53.3,0.1,Sableux,Maraîchage,0,0.0
55.2,25.5,32.8,1.2,Limoneux,Arboriculture,0,0.0
22.8,26.2,83.0,2.9,Limoneux,Céréales,1,4.82
78.1,23.6,75.8,4.8,Sableux,Arboriculture,0,0.0
30.5,34.6,54.4,7.8,Argileux,Céréales,0,0.0
56.0,20.0,34.2,1.3,Argileux,Arboriculture,0,0.0
68.5,28.2,82.6,4.8,Argileux,Céréales,0,0.0
53.5,26.5,48.4,13.8,Sableux,Maraîchage,0,0.0
47.1,15.1,35.1,5.1,Sableux,Arboriculture,0,0.0
45.2,16.8,23.3,3.9,Sableux,Arboriculture,0,0.0
43.8,26.1,43.4,0.3,Limoneux,Maraîchage,0,0.0
32.3,39.9,28.8,4.2,Sableux,Céréales,1,6.45
35.1,30.1,43.8,0.0,Argileux,Céréales,1,7.33
77.6,13.9,68.4,0.0,Argileux,Céréales,0,0.0
42.6,8.0,48.2,4.2,Argileux,Arboriculture,0,0.0
27.7,31.1,61.4,0.1,Sableux,Arboriculture,1,11.91
33.6,25.3,42.0,1.0,Sableux,Maraîchage,0,0.0
69.2,34.0,56.2,5.8,Argileux,Arboriculture,0,0.0
59.9,19.8,89.6,0.1,Sableux,Céréales,0,0.0
57.3,28.5,48.7,0.4,Limoneux,Arboriculture,0,0.0
39.3,31.9,61.9,2.4,Argileux,Arboriculture,1,11.14
57.6,22.9,26.8,12.2,Sableux,Céréales,1,4.0
30.8,23.0,82.4,3.4,Sableux,Céréales,1,4.0
39.3,26.2,46.4,8.8,Sableux,Céréales,0,0.0
66.3,29.8,73.9,8.6,Sableux,Arboriculture,0,0.0
64.2,25.9,52.8,15.0,Sableux,Céréales,0,0.0
23.4,32.8,66.0,5.9,Argileux,Maraîchage,1,9.03
26.2,22.8,67.1,3.6,Limoneux,Céréales,1,4.39
47.4,16.7,46.9,0.5,Argileux,Maraîchage,0,0.0
83.0,39.8,74.7,3.7,Argileux,Céréales,1,4.0
2.9,21.8,41.3,2.5,Argileux,Maraîchage,1,13.58
51.1,22.0,69.0,2.7,Sableux,Maraîchage,0,0.0
14.7,25.5,48.0,2.5,Sableux,Arboriculture,1,12.69
31.0,26.5,61.3,5.0,Argileux,Maraîchage,0,0.0
37.0,23.3,46.7,6.3,Sableux,Céréales,1,4.0
35.7,25.9,55.9,0.0,Sableux,Arboriculture,1,9.26
33.3,25.7,35.7,1.4,Argileux,Arboriculture,1,13.64
45.2,27.2,59.5,2.9,Argileux,Céréales,1,4.24
33.2,9.5,55.8,5.0,Argileux,Maraîchage,1,6.0
12.8,39.2,45.3,2.8,Argileux,Arboriculture,1,19.87
62.2,25.0,54.0,10.3,Sableux,Arboriculture,0,0.0
61.6,30.1,57.4,4.0,Argileux,Céréales,0,0.0
63.5,16.4,43.9,0.8,Argileux,Maraîchage,0,0.0
11.1,22.7,52.7,4.7,Argileux,Maraîchage,1,10.53
51.6,21.3,36.9,3.1,Argileux,Maraîchage,0,0.0
59.9,36.3,97.2,1.7,Argileux,Maraîchage,1,6.0
22.3,21.9,74.1,0.4,Limoneux,Arboriculture,1,11.06
45.2,31.3,59.9,0.3,Sableux,Maraîchage,0,0.0
42.4,21.4,76.1,0.6,Limoneux,Maraîchage,0,0.0
85.5,22.8,19.4,1.6,Sableux,Arboriculture,0,0.0
87.3,24.3,10.0,3.5,Sableux,Arboriculture,0,0.0
8.4,35.0,47.8,5.7,Sableux,Maraîchage,1,10.77
99.9,12.8,30.2,0.5,Argileux,Céréales,0,0.0
24.9,16.8,50.7,0.2,Limoneux,Céréales,0,0.0
66.6,12.4,58.7,1.0,Limoneux,Céréales,0,0.0
66.4,18.4,71.6,4.4,Argileux,Arboriculture,0,0.0
23.1,20.3,34.5,0.4,Limoneux,Arboriculture,1,13.63
55.9,14.7,62.2,4.2,Limoneux,Arboriculture,0,0.0
42.6,20.9,55.3,4.1,Sableux,Maraîchage,0,0.0
57.2,11.9,61.3,4.9,Argileux,Maraîchage,1,6.0
50.1,18.9,45.6,1.1,Limoneux,Céréales,0,0.0
71.3,34.4,79.9,1.6,Sableux,Maraîchage,0,0.0
46.7,28.8,53.1,2.9,Argileux,Céréales,1,4.54
41.3,27.3,86.9,19.3,Argileux,Maraîchage,0,0.0
69.1,19.0,40.8,1.3,Sableux,Arboriculture,0,0.0
57.8,15.2,68.4,2.8,Sableux,Maraîchage,0,0.0
61.1,18.0,53.9,8.2,Sableux,Maraîchage,1,6.0
30.4,25.7,49.1,2.1,Sableux,Maraîchage,1,7.13
22.0,32.1,66.4,1.9,Sableux,Maraîchage,1,8.81
32.5,32.3,49.6,1.2,Argileux,Céréales,1,7.26
31.3,30.4,10.0,2.7,Limoneux,Céréales,1,7.4
62.3,20.8,10.0,0.8,Argileux,Arboriculture,0,0.0
66.5,26.2,77.9,1.9,Argileux,Maraîchage,1,6.0
41.6,23.8,77.1,1.4,Limoneux,Céréales,0,0.0
76.5,24.6,89.0,4.6,Limoneux,Céréales,0,0.0
75.1,40.3,54.7,2.2,Sableux,Céréales,0,0.0
50.4,13.7,31.7,0.9,Sableux,Arboriculture,0,0.0
26.9,24.4,47.4,2.8,Limoneux,Maraîchage,0,0.0
79.7,34.5,55.2,1.9,Sableux,Céréales,0,0.0
43.7,15.7,36.9,1.2,Sableux,Arboriculture,0,0.0
47.8,21.5,84.7,0.3,Sableux,Arboriculture,0,0.0
37.5,22.3,95.3,3.1,Argileux,Céréales,1,4.0
25.4,24.4,63.6,6.6,Limoneux,Céréales,0,0.0
12.7,14.8,54.8,0.5,Argileux,Arboriculture,0,0.0
58.9,30.2,31.7,1.3,Limoneux,Céréales,1,4.0
27.8,30.7,82.8,2.8,Sableux,Arboriculture,1,8.2
100.0,29.6,56.4,0.4,Limoneux,Maraîchage,0,0.0
21.1,19.9,49.8,0.3,Sableux,Céréales,0,0.0
17.3,26.6,63.7,0.1,Argileux,Maraîchage,1,12.03
56.2,19.7,44.5,0.0,Sableux,Maraîchage,1,6.0
78.6,23.7,57.6,0.2,Limoneux,Céréales,0,0.0
46.4,41.1,29.0,1.0,Argileux,Maraîchage,1,11.68
57.6,26.7,74.6,4.0,Limoneux,Céréales,0,0.0
4.4,17.7,53.1,4.1,Limoneux,Céréales,1,6.52
30.1,27.3,75.9,2.0,Limoneux,Céréales,1,4.75
21.4,16.5,51.4,4.8,Argileux,Arboriculture,0,0.0
3.3,17.6,52.5,2.1,Sableux,Arboriculture,1,13.07
47.6,18.7,33.2,0.2,Limoneux,Céréales,0,0.0
2.0,22.9,68.7,1.5,Argileux,Maraîchage,1,12.79
15.9,32.6,39.2,2.2,Limoneux,Arboriculture,1,16.79
33.2,30.0,46.2,1.7,Limoneux,Maraîchage,1,9.08
26.7,29.7,55.0,2.9,Sableux,Céréales,1,5.17
53.7,18.3,57.2,0.9,Sableux,Céréales,0,0.0
51.7,22.2,24.3,3.8,Argileux,Maraîchage,1,6.0
64.7,27.9,50.8,3.6,Limoneux,Céréales,0,0.0
61.6,21.6,69.3,0.6,Sableux,Maraîchage,0,0.0
70.1,24.1,48.2,6.2,Limoneux,Maraîchage,0,0.0
45.0,29.1,51.0,1.4,Limoneux,Céréales,1,4.55
51.7,23.6,57.9,5.2,Limoneux,Maraîchage,0,0.0
56.3,27.6,52.7,2.2,Argileux,Arboriculture,1,8.0
48.1,37.1,36.5,0.2,Sableux,Maraîchage,1,8.17
36.3,24.8,54.3,0.5,Limoneux,Céréales,1,5.14
37.7,34.3,72.9,8.5,Limoneux,Arboriculture,1,8.0
27.0,29.9,36.1,1.8,Argileux,Maraîchage,1,11.83
54.3,15.7,48.3,4.0,Sableux,Arboriculture,0,0.0
42.9,18.3,30.1,2.2,Sableux,Arboriculture,1,8.0
30.4,20.2,71.9,1.2,Limoneux,Arboriculture,0,0.0
30.4,20.0,53.3,6.9,Limoneux,Maraîchage,0,0.0
18.4,25.4,39.7,1.4,Argileux,Arboriculture,1,16.53
66.5,30.3,56.7,3.1,Limoneux,Arboriculture,0,0.0
46.7,34.8,33.3,0.5,Argileux,Arboriculture,1,13.88
26.0,28.2,36.4,0.8,Limoneux,Maraîchage,1,10.98
62.8,22.9,28.7,10.2,Sableux,Arboriculture,0,0.0
32.7,11.4,35.8,5.4,Sableux,Maraîchage,1,6.0
14.1,26.5,79.4,10.0,Argileux,Céréales,1,4.26
67.5,26.2,41.8,8.3,Sableux,Céréales,0,0.0
33.2,27.3,63.4,3.9,Argileux,Céréales,1,5.06
36.0,40.7,39.9,4.8,Sableux,Céréales,1,5.52
45.9,34.7,68.7,7.0,Sableux,Maraîchage,1,6.0
70.1,31.5,36.5,1.2,Sableux,Céréales,0,0.0
45.4,19.3,55.7,0.7,Limoneux,Arboriculture,0,0.0
18.6,22.4,56.0,0.2,Limoneux,Céréales,1,6.81
57.0,25.3,96.9,2.7,Argileux,Maraîchage,0,0.0
34.3,20.6,66.3,0.7,Limoneux,Arboriculture,1,8.53
86.5,29.5,44.3,2.1,Limoneux,Maraîchage,0,0.0
45.0,28.5,67.3,1.5,Limoneux,Céréales,0,0.0
2.0,18.4,93.5,3.2,Argileux,Céréales,1,6.36
52.9,34.4,25.7,0.2,Limoneux,Céréales,1,5.79
87.8,26.7,39.8,3.3,Sableux,Arboriculture,0,0.0
79.7,13.9,50.7,0.2,Limoneux,Céréales,0,0.0
85.3,25.6,47.5,1.2,Argileux,Arboriculture,0,0.0
22.6,28.0,49.0,3.6,Sableux,Maraîchage,0,0.0
65.1,32.8,31.5,0.7,Argileux,Arboriculture,1,9.33
29.1,23.6,80.3,5.7,Limoneux,Céréales,0,0.0
49.9,31.8,29.4,8.8,Limoneux,Maraîchage,0,0.0
17.0,27.3,51.4,1.0,Sableux,Maraîchage,1,10.07
30.8,16.8,73.8,3.3,Argileux,Arboriculture,0,0.0
30.1,16.1,54.5,0.2,Sableux,Céréales,1,4.0
64.8,33.9,37.4,7.2,Sableux,Céréales,0,0.0
62.6,34.4,30.7,0.7,Limoneux,Maraîchage,1,6.51
51.1,28.3,50.9,8.8,Limoneux,Céréales,0,0.0
15.3,36.5,41.4,2.0,Limoneux,Arboriculture,1,17.88
38.1,33.4,58.7,0.6,Sableux,Maraîchage,0,0.0
28.6,30.8,29.8,0.8,Sableux,Céréales,1,6.83
64.1,19.6,69.6,8.1,Sableux,Céréales,0,0.0
70.9,38.1,57.1,2.0,Limoneux,Arboriculture,0,0.0
68.2,29.8,58.4,5.4,Limoneux,Maraîchage,0,0.0
28.4,23.3,80.9,2.8,Limoneux,Céréales,0,0.0
2.0,21.3,47.1,4.5,Limoneux,Arboriculture,1,14.67
6.1,27.8,41.9,0.8,Argileux,Maraîchage,1,15.06
76.3,14.3,45.1,2.1,Limoneux,Arboriculture,0,0.0
36.2,30.9,51.5,2.5,Limoneux,Arboriculture,1,10.71
28.5,19.3,53.4,1.8,Limoneux,Arboriculture,0,0.0
81.1,28.6,40.0,1.9,Limoneux,Céréales,1,4.0
72.8,22.3,18.6,7.8,Limoneux,Arboriculture,0,0.0
45.5,24.1,44.9,6.9,Sableux,Arboriculture,1,8.0
38.5,20.7,61.5,2.7,Sableux,Arboriculture,0,0.0
42.1,24.9,57.5,0.3,Argileux,Céréales,0,0.0
50.0,39.2,76.6,0.7,Limoneux,Céréales,0,0.0
80.2,35.7,90.2,2.8,Limoneux,Céréales,0,0.0
54.3,28.5,68.7,0.3,Sableux,Maraîchage,0,0.0
61.0,25.8,79.9,0.8,Limoneux,Arboriculture,0,0.0
70.7,31.9,68.8,1.9,Limoneux,Arboriculture,1,8.0
19.3,33.9,85.8,1.9,Limoneux,Céréales,1,6.45
61.6,20.2,88.3,1.9,Limoneux,Maraîchage,0,0.0
38.5,25.5,72.1,0.2,Limoneux,Céréales,0,0.0
2.0,13.2,67.7,0.5,Argileux,Céréales,1,7.66
2.0,33.9,51.3,5.7,Limoneux,Céréales,1,8.38
22.6,40.5,54.3,1.5,Argileux,Arboriculture,1,18.24
56.7,26.6,48.9,11.2,Argileux,Arboriculture,0,0.0
47.5,11.1,66.2,0.4,Limoneux,Arboriculture,1,8.0
49.1,30.3,42.0,3.6,Argileux,Arboriculture,1,9.32
87.9,19.7,51.6,1.3,Sableux,Arboriculture,0,0.0
17.1,21.4,12.6,1.3,Argileux,Céréales,1,8.97
44.4,30.4,86.0,7.0,Argileux,Céréales,0,0.0
51.7,27.8,51.0,13.9,Limoneux,Céréales,0,0.0
28.8,22.6,63.2,6.8,Argileux,Céréales,0,0.0
45.6,21.5,81.2,9.0,Limoneux,Arboriculture,0,0.0
9.8,26.9,60.4,3.6,Sableux,Céréales,1,6.2
76.0,23.1,81.0,7.2,Argileux,Céréales,0,0.0
30.0,18.2,32.6,0.3,Sableux,Maraîchage,1,7.68
89.7,23.7,98.2,2.3,Sableux,Arboriculture,0,0.0
44.3,28.4,74.6,2.1,Limoneux,Céréales,0,0.0
67.6,24.8,58.8,0.9,Argileux,Céréales,1,4.0
43.8,16.1,80.7,1.0,Limoneux,Céréales,0,0.0
44.3,32.9,34.0,2.4,Limoneux,Maraîchage,1,8.2
32.2,8.0,49.8,0.1,Sableux,Céréales,0,0.0
47.6,22.9,81.0,2.9,Sableux,Arboriculture,0,0.0
52.0,21.7,21.4,0.2,Sableux,Céréales,1,4.0
27.7,27.0,65.1,0.7,Sableux,Maraîchage,1,7.58
42.2,29.9,64.6,2.4,Argileux,Céréales,0,0.0
31.6,33.9,90.4,0.8,Argileux,Maraîchage,1,9.12
95.6,21.0,26.5,12.9,Argileux,Céréales,0,0.0
43.0,30.1,84.0,2.4,Sableux,Céréales,1,4.0
79.0,27.4,44.9,2.8,Sableux,Maraîchage,0,0.0
40.7,14.0,47.0,0.1,Sableux,Arboriculture,1,8.0
50.7,39.3,33.0,8.2,Limoneux,Maraîchage,1,6.0
15.9,15.9,35.4,1.9,Limoneux,Arboriculture,0,0.0
35.2,28.9,62.3,0.7,Limoneux,Arboriculture,1,10.81
49.6,28.7,35.0,1.1,Sableux,Maraîchage,0,0.0
79.9,27.9,68.3,5.4,Argileux,Céréales,0,0.0
49.9,22.5,43.1,9.9,Sableux,Maraîchage,0,0.0
75.4,31.8,33.2,2.3,Sableux,Maraîchage,0,0.0
59.1,15.1,45.5,0.7,Argileux,Arboriculture,0,0.0
80.8,25.5,61.1,0.5,Argileux,Arboriculture,0,0.0
43.7,22.1,50.0,0.0,Sableux,Maraîchage,0,0.0
97.6,21.3,55.6,1.6,Limoneux,Maraîchage,0,0.0
34.3,29.0,67.5,8.8,Argileux,Maraîchage,0,0.0
28.1,33.5,74.5,3.8,Argileux,Céréales,1,6.01
18.4,23.6,49.4,0.8,Argileux,Maraîchage,1,11.77
96.3,31.5,36.2,2.8,Limoneux,Maraîchage,0,0.0
63.0,26.3,56.4,1.6,Limoneux,Céréales,0,0.0
37.6,19.8,63.5,2.0,Argileux,Maraîchage,1,6.34
72.5,24.2,28.7,3.2,Sableux,Arboriculture,0,0.0
60.1,23.9,39.0,0.6,Sableux,Arboriculture,0,0.0
88.3,21.1,42.1,4.4,Limoneux,Arboriculture,0,0.0
10.9,29.0,51.3,10.7,Argileux,Maraîchage,0,0.0
39.2,27.6,41.3,0.1,Sableux,Arboriculture,0,0.0
34.8,14.9,67.7,3.6,Limoneux,Arboriculture,0,0.0
2.0,14.4,26.1,3.0,Limoneux,Maraîchage,1,11.71
68.3,29.0,26.6,0.3,Limoneux,Arboriculture,1,8.0
39.1,20.3,49.0,2.6,Argileux,Céréales,0,0.0
61.3,28.1,51.8,1.2,Sableux,Arboriculture,1,8.0
96.9,31.5,28.8,5.3,Argileux,Céréales,0,0.0
37.2,17.1,44.1,4.5,Limoneux,Arboriculture,1,8.0
35.7,16.1,47.8,11.3,Argileux,Maraîchage,0,0.0
47.6,37.7,47.9,2.5,Limoneux,Céréales,1,5.12
66.7,28.5,57.7,0.2,Sableux,Maraîchage,1,6.0
32.5,23.1,43.1,0.1,Argileux,Maraîchage,0,0.0
31.1,19.5,81.6,0.3,Argileux,Maraîchage,1,7.19
68.3,22.4,63.8,1.4,Sableux,Céréales,0,0.0
53.3,17.7,40.5,5.8,Argileux,Maraîchage,1,6.0
2.0,32.2,56.7,1.6,Argileux,Arboriculture,1,20.38
18.0,20.6,57.2,0.2,Limoneux,Céréales,1,6.59
78.0,33.7,76.9,6.0,Argileux,Arboriculture,1,8.0
53.8,23.2,44.2,6.4,Limoneux,Arboriculture,0,0.0
28.2,18.7,68.8,0.3,Limoneux,Maraîchage,1,7.1
41.3,23.0,55.8,2.4,Sableux,Maraîchage,0,0.0
45.3,8.0,81.8,1.4,Argileux,Céréales,0,0.0
61.2,25.2,78.2,2.9,Sableux,Céréales,0,0.0
15.1,24.8,58.5,8.2,Argileux,Maraîchage,1,8.09
26.5,31.8,50.3,0.9,Limoneux,Arboriculture,0,0.0
51.0,12.8,64.1,7.4,Limoneux,Céréales,0,0.0
42.8,34.1,51.8,2.6,Sableux,Arboriculture,1,8.4
57.6,31.7,85.2,2.7,Argileux,Maraîchage,0,0.0
18.0,34.8,56.4,2.5,Sableux,Arboriculture,1,13.7
52.9,25.6,47.7,2.8,Limoneux,Maraîchage,1,6.0
69.0,33.1,46.7,0.9,Argileux,Céréales,1,4.0
55.7,15.7,33.2,1.5,Argileux,Céréales,0,0.0
48.1,31.0,65.0,6.1,Argileux,Arboriculture,0,0.0
42.9,20.6,40.2,1.1,Argileux,Maraîchage,1,7.54
26.6,14.4,74.8,8.9,Limoneux,Maraîchage,1,6.0
43.4,18.1,31.7,1.4,Sableux,Céréales,0,0.0
72.7,26.0,57.3,2.5,Argileux,Céréales,0,0.0
42.4,20.2,75.7,4.1,Argileux,Maraîchage,1,6.0
25.4,28.6,16.3,8.7,Argileux,Maraîchage,1,9.43
34.2,13.3,91.3,0.3,Limoneux,Maraîchage,1,6.0
49.4,11.1,47.3,5.8,Sableux,Céréales,1,4.0
36.8,35.6,57.5,3.2,Limoneux,Céréales,1,5.42
55.7,32.3,65.3,1.9,Limoneux,Céréales,1,4.0
56.5,18.7,68.1,2.0,Argileux,Arboriculture,0,0.0
64.6,26.0,59.9,0.4,Limoneux,Maraîchage,0,0.0
76.3,33.1,73.0,0.7,Sableux,Arboriculture,0,0.0
66.9,28.9,64.3,0.7,Sableux,Arboriculture,0,0.0
24.4,27.0,86.7,1.1,Argileux,Maraîchage,0,0.0
25.1,33.7,64.4,3.4,Argileux,Maraîchage,1,10.34
43.3,20.9,90.4,3.6,Sableux,Maraîchage,0,0.0
35.1,26.2,71.2,4.5,Limoneux,Maraîchage,0,0.0
20.0,25.9,22.5,5.7,Limoneux,Céréales,1,6.53
35.3,24.1,100.0,1.7,Limoneux,Maraîchage,0,0.0
34.6,23.3,44.7,10.2,Argileux,Maraîchage,0,0.0
30.2,26.5,81.9,0.0,Sableux,Céréales,1,4.29
38.1,26.2,55.5,3.8,Sableux,Arboriculture,1,8.0
70.9,18.7,74.1,3.0,Sableux,Maraîchage,0,0.0
49.4,31.6,42.6,0.4,Sableux,Arboriculture,1,8.6
99.4,19.2,66.3,6.7,Argileux,Céréales,0,0.0
48.8,24.5,50.4,5.5,Argileux,Arboriculture,1,8.0
38.6,23.9,83.4,8.3,Sableux,Maraîchage,0,0.0
45.1,28.5,62.9,0.6,Limoneux,Céréales,0,0.0
50.6,11.2,71.8,0.7,Sableux,Arboriculture,0,0.0
54.6,32.2,16.0,1.9,Sableux,Maraîchage,1,6.52
90.7,21.3,53.5,0.4,Sableux,Arboriculture,0,0.0
26.4,34.5,62.4,1.8,Sableux,Céréales,1,5.91
63.9,22.7,59.0,3.7,Limoneux,Céréales,0,0.0
49.6,25.7,72.3,1.1,Argileux,Céréales,0,0.0
10.4,39.4,48.4,3.7,Limoneux,Céréales,1,9.01
62.0,24.1,55.9,0.9,Argileux,Maraîchage,1,6.0
72.9,34.7,76.3,1.1,Limoneux,Arboriculture,1,8.0
26.1,26.3,14.0,9.4,Sableux,Céréales,0,0.0
44.8,28.9,65.6,0.0,Sableux,Arboriculture,0,0.0
7.0,26.5,49.0,4.3,Sableux,Céréales,0,0.0
17.3,31.9,38.6,2.3,Sableux,Céréales,1,7.36
68.1,21.2,61.1,2.0,Argileux,Céréales,0,0.0
34.7,19.1,77.1,0.9,Argileux,Arboriculture,0,0.0
20.6,21.5,73.7,3.0,Argileux,Arboriculture,0,0.0
50.0,26.7,52.6,1.2,Limoneux,Arboriculture,1,8.0
33.5,24.5,70.8,1.1,Limoneux,Céréales,1,4.53
34.6,31.0,70.6,1.1,Limoneux,Arboriculture,1,10.51
61.3,35.1,53.4,1.0,Limoneux,Céréales,1,4.0
19.4,19.2,42.5,0.1,Argileux,Céréales,1,7.65
25.1,20.9,43.6,12.2,Argileux,Arboriculture,0,0.0
48.4,15.9,70.1,1.1,Argileux,Maraîchage,1,6.0
66.3,40.2,54.2,2.3,Limoneux,Arboriculture,0,0.0
72.2,28.1,36.2,2.8,Sableux,Maraîchage,0,0.0
30.4,29.4,24.7,0.3,Argileux,Céréales,0,0.0
65.6,16.6,70.0,9.8,Limoneux,Céréales,0,0.0
27.7,26.0,45.2,1.4,Argileux,Céréales,1,7.07
85.2,29.6,60.9,0.6,Limoneux,Céréales,0,0.0
20.1,24.2,77.3,0.6,Argileux,Céréales,1,6.68
74.2,33.5,31.4,1.5,Limoneux,Céréales,1,4.0
30.6,42.2,54.2,1.9,Argileux,Céréales,0,0.0
89.3,19.4,51.9,1.3,Argileux,Céréales,0,0.0
58.0,18.8,61.8,0.4,Sableux,Arboriculture,0,0.0
22.6,19.9,77.3,0.1,Limoneux,Céréales,1,5.2
33.5,37.2,31.1,4.3,Limoneux,Céréales,1,6.65
62.2,33.3,65.3,5.0,Argileux,Arboriculture,0,0.0
68.2,25.1,73.6,0.4,Argileux,Arboriculture,0,0.0
43.4,26.3,51.6,3.0,Argileux,Maraîchage,1,6.86
46.0,20.3,52.5,4.0,Limoneux,Arboriculture,0,0.0
61.7,32.2,62.5,6.1,Limoneux,Maraîchage,1,6.0
47.9,23.3,61.2,6.6,Limoneux,Maraîchage,0,0.0
16.5,24.2,65.5,1.9,Argileux,Arboriculture,1,14.16
27.1,30.3,65.1,1.7,Sableux,Maraîchage,1,7.78
50.2,24.7,37.3,4.2,Limoneux,Arboriculture,1,8.0
71.7,24.4,72.8,2.6,Sableux,Arboriculture,0,0.0
80.6,26.1,76.0,0.7,Argileux,Arboriculture,0,0.0
62.1,31.6,58.3,0.0,Limoneux,Arboriculture,1,8.0
51.3,37.5,28.1,7.0,Limoneux,Arboriculture,0,0.0
61.5,30.1,52.9,1.1,Limoneux,Maraîchage,0,0.0
30.3,31.6,58.5,1.0,Limoneux,Arboriculture,1,12.68
41.6,24.6,34.4,7.3,Argileux,Maraîchage,1,6.0
26.9,21.0,48.5,1.9,Limoneux,Maraîchage,0,0.0
17.5,30.6,29.6,0.5,Limoneux,Maraîchage,1,13.42
52.3,27.2,65.9,5.1,Sableux,Céréales,1,4.0
49.1,16.0,58.0,0.3,Sableux,Arboriculture,0,0.0
60.1,23.7,25.4,11.3,Limoneux,Maraîchage,0,0.0
57.0,25.4,61.3,2.3,Argileux,Arboriculture,0,0.0
50.3,22.4,54.0,4.3,Argileux,Céréales,0,0.0
57.2,36.4,64.3,3.5,Limoneux,Céréales,0,0.0
44.1,29.4,48.0,2.1,Limoneux,Arboriculture,1,9.13
54.1,35.6,40.6,1.8,Limoneux,Céréales,1,4.66
29.0,27.8,41.1,2.5,Sableux,Céréales,0,0.0
53.1,26.6,45.3,0.9,Sableux,Arboriculture,0,0.0
59.7,19.4,55.3,3.3,Limoneux,Céréales,0,0.0
30.3,26.1,57.7,0.6,Sableux,Céréales,0,0.0
46.1,26.1,51.6,0.7,Sableux,Maraîchage,0,0.0
31.3,16.4,47.4,3.2,Sableux,Maraîchage,0,0.0
33.4,22.2,48.7,6.0,Sableux,Maraîchage,0,0.0
20.3,23.7,100.0,5.3,Limoneux,Maraîchage,0,0.0
72.8,28.9,41.1,0.4,Argileux,Maraîchage,0,0.0
68.4,29.2,45.0,1.2,Argileux,Arboriculture,0,0.0
56.8,21.9,100.0,10.0,Limoneux,Maraîchage,0,0.0
88.4,29.3,62.6,4.2,Limoneux,Céréales,0,0.0
40.8,24.7,30.2,6.2,Sableux,Arboriculture,1,8.0
100.0,8.0,70.2,2.4,Sableux,Arboriculture,0,0.0
40.0,22.6,38.6,7.5,Limoneux,Céréales,0,0.0
50.6,33.6,71.4,0.5,Limoneux,Maraîchage,1,6.01
36.2,14.2,51.2,1.4,Sableux,Arboriculture,1,8.0
53.2,26.8,47.1,5.6,Limoneux,Maraîchage,0,0.0
63.4,37.1,84.0,1.2,Sableux,Arboriculture,1,8.0
42.5,20.7,65.2,2.0,Sableux,Arboriculture,0,0.0
84.1,26.0,72.5,1.3,Argileux,Maraîchage,0,0.0
50.3,16.9,62.8,0.9,Limoneux,Arboriculture,0,0.0
51.0,37.4,47.0,5.7,Limoneux,Maraîchage,0,0.0
25.0,25.4,66.0,1.7,Argileux,Maraîchage,1,9.54
54.2,26.3,76.8,2.7,Argileux,Arboriculture,0,0.0
42.1,35.5,57.4,3.4,Argileux,Arboriculture,1,11.1
31.6,30.6,87.4,1.0,Limoneux,Maraîchage,1,7.34
27.9,19.9,70.3,1.1,Argileux,Arboriculture,1,10.74
100.0,21.5,58.8,5.3,Limoneux,Arboriculture,0,0.0
39.2,29.5,59.5,3.3,Argileux,Arboriculture,1,10.05
12.9,21.6,57.5,2.5,Argileux,Maraîchage,1,10.89
29.6,11.2,32.5,0.1,Limoneux,Maraîchage,0,0.0
43.9,25.6,53.4,2.9,Argileux,Arboriculture,0,0.0
57.0,15.6,59.0,1.0,Limoneux,Arboriculture,0,0.0
57.2,37.3,47.5,6.3,Argileux,Arboriculture,1,8.0
59.9,27.2,61.1,0.7,Sableux,Céréales,0,0.0
30.8,19.7,55.4,5.4,Argileux,Maraîchage,0,0.0
52.5,21.1,68.9,4.6,Limoneux,Arboriculture,0,0.0
25.7,12.8,66.9,5.6,Argileux,Maraîchage,0,0.0
31.4,18.3,58.0,8.2,Limoneux,Céréales,1,4.0
24.8,33.1,30.4,2.2,Argileux,Arboriculture,1,17.29
18.9,41.6,87.2,5.3,Sableux,Céréales,0,0.0
68.4,31.1,52.4,6.4,Sableux,Maraîchage,0,0.0
60.1,25.4,53.5,5.0,Limoneux,Maraîchage,0,0.0
66.5,23.0,48.8,1.2,Argileux,Céréales,0,0.0
45.9,19.3,46.2,1.5,Argileux,Arboriculture,0,0.0
62.1,40.4,82.8,8.0,Limoneux,Céréales,1,4.0
6.3,24.7,79.9,2.9,Limoneux,Arboriculture,1,13.1
64.0,40.8,63.0,6.3,Limoneux,Maraîchage,0,0.0
48.9,35.8,53.1,0.6,Argileux,Arboriculture,1,11.94
58.8,13.8,66.1,2.0,Limoneux,Arboriculture,0,0.0
53.4,21.3,56.3,3.0,Limoneux,Céréales,0,0.0
23.3,21.3,51.6,5.2,Argileux,Arboriculture,0,0.0
12.0,25.4,61.1,2.1,Sableux,Céréales,0,0.0
29.3,25.6,47.1,2.5,Argileux,Céréales,1,6.39
57.4,45.0,59.5,2.7,Sableux,Arboriculture,1,8.0
60.2,18.5,58.7,1.8,Sableux,Arboriculture,0,0.0
14.9,27.6,65.9,2.7,Argileux,Arboriculture,1,14.86
23.4,30.3,43.9,1.3,Argileux,Maraîchage,1,12.33
29.1,26.0,67.8,3.0,Argileux,Arboriculture,0,0.0
37.1,26.8,38.7,3.7,Argileux,Maraîchage,1,8.41
15.0,18.7,44.7,3.6,Limoneux,Céréales,1,5.98
13.7,26.7,45.5,0.2,Limoneux,Céréales,1,8.32
26.9,29.6,35.7,0.1,Sableux,Céréales,0,0.0
46.9,28.3,73.3,4.1,Sableux,Arboriculture,1,8.0
19.0,30.0,37.6,2.0,Sableux,Arboriculture,1,14.13
42.5,35.9,42.4,1.1,Sableux,Maraîchage,1,8.06
68.3,32.6,77.6,11.3,Limoneux,Maraîchage,0,0.0
16.4,26.5,44.7,0.5,Argileux,Maraîchage,1,13.08
40.5,17.8,51.6,1.9,Argileux,Arboriculture,1,8.39
67.5,21.8,36.8,0.9,Limoneux,Céréales,0,0.0
35.8,24.5,70.0,4.8,Argileux,Arboriculture,0,0.0
32.4,27.8,70.2,6.5,Argileux,Arboriculture,1,8.06
70.6,22.7,68.3,1.3,Argileux,Arboriculture,0,0.0
38.3,19.4,64.7,1.5,Limoneux,Maraîchage,0,0.0
69.3,17.7,56.3,0.7,Sableux,Maraîchage,0,0.0
54.4,14.4,45.6,2.3,Argileux,Céréales,0,0.0
37.5,24.4,40.3,2.3,Sableux,Céréales,1,4.07
55.6,15.7,78.2,1.3,Limoneux,Arboriculture,1,8.0
52.0,19.0,68.8,5.0,Sableux,Maraîchage,0,0.0
67.5,23.2,42.5,2.9,Argileux,Céréales,0,0.0
32.9,16.6,55.7,3.0,Limoneux,Maraîchage,1,6.0
45.9,28.7,49.6,1.0,Sableux,Maraîchage,1,6.0
43.6,31.2,34.7,6.5,Sableux,Maraîchage,0,0.0
60.5,22.2,58.2,10.7,Limoneux,Maraîchage,0,0.0
22.4,22.9,47.5,2.3,Limoneux,Céréales,1,6.07
67.4,29.8,37.9,3.2,Argileux,Céréales,0,0.0
55.3,21.0,28.4,0.7,Sableux,Céréales,0,0.0
16.0,20.5,26.9,4.8,Argileux,Céréales,1,7.2
71.6,34.4,48.3,2.7,Limoneux,Arboriculture,0,0.0
94.2,32.2,53.5,1.5,Argileux,Arboriculture,0,0.0
67.0,30.2,39.2,2.8,Sableux,Céréales,1,4.0
76.4,32.5,66.7,2.8,Sableux,Céréales,0,0.0
46.9,12.2,53.8,0.2,Sableux,Arboriculture,0,0.0
8.4,35.5,65.4,7.9,Limoneux,Arboriculture,1,13.11
4.4,28.7,51.7,2.4,Argileux,Maraîchage,1,14.07
50.6,33.1,40.8,2.1,Sableux,Arboriculture,0,0.0
32.0,28.7,57.1,0.8,Limoneux,Maraîchage,1,8.86
24.9,26.3,32.3,2.5,Sableux,Céréales,1,5.98
43.6,24.1,64.7,0.6,Argileux,Céréales,1,4.59
58.5,28.6,38.1,1.6,Argileux,Céréales,0,0.0
13.0,23.8,71.5,3.0,Argileux,Maraîchage,1,10.22
35.1,32.1,48.9,6.0,Argileux,Arboriculture,0,0.0
78.2,14.9,74.1,0.1,Limoneux,Maraîchage,0,0.0
21.3,22.2,34.8,1.2,Argileux,Maraîchage,1,11.69
64.1,40.3,42.8,0.6,Sableux,Arboriculture,1,8.0
34.3,21.6,61.9,9.1,Argileux,Arboriculture,0,0.0
57.0,24.3,76.1,0.9,Argileux,Maraîchage,0,0.0
69.1,19.8,85.0,1.2,Argileux,Arboriculture,0,0.0
61.3,28.4,55.7,2.4,Limoneux,Arboriculture,0,0.0
65.0,20.8,88.1,0.6,Argileux,Maraîchage,0,0.0
19.7,24.7,49.8,1.9,Limoneux,Céréales,0,0.0
69.5,31.9,74.8,13.0,Sableux,Céréales,0,0.0
26.2,21.1,38.0,0.4,Argileux,Maraîchage,0,0.0
50.7,31.5,62.6,0.1,Sableux,Maraîchage,1,6.0
50.7,31.8,12.8,0.3,Sableux,Maraîchage,0,0.0
55.7,33.4,34.8,2.7,Limoneux,Maraîchage,1,6.21
52.4,27.0,63.4,6.4,Sableux,Céréales,0,0.0
26.4,45.0,31.4,1.8,Argileux,Céréales,1,10.1
15.3,33.4,62.7,2.3,Limoneux,Maraîchage,1,11.37
64.2,28.3,71.3,1.2,Sableux,Maraîchage,0,0.0
49.1,19.9,46.0,1.8,Argileux,Maraîchage,1,6.0
70.3,25.3,37.6,6.1,Limoneux,Arboriculture,0,0.0
44.0,36.0,46.5,2.6,Sableux,Maraîchage,0,0.0
14.1,38.0,37.6,8.9,Argileux,Arboriculture,1,15.61
66.3,36.3,53.2,4.3,Limoneux,Céréales,0,0.0
36.9,31.5,56.8,4.1,Sableux,Arboriculture,1,8.0
52.5,17.2,49.5,3.9,Argileux,Céréales,0,0.0
30.8,29.4,85.1,4.1,Limoneux,Maraîchage,0,0.0
81.2,17.3,42.1,5.3,Argileux,Céréales,0,0.0
25.7,15.6,80.0,1.0,Argileux,Maraîchage,0,0.0
37.6,27.7,36.3,1.3,Limoneux,Maraîchage,0,0.0
47.4,29.7,56.3,4.3,Argileux,Maraîchage,0,0.0
21.0,32.3,76.3,7.4,Sableux,Maraîchage,1,6.0
52.3,29.5,75.4,1.6,Sableux,Maraîchage,1,6.0
80.5,29.7,47.4,1.0,Limoneux,Maraîchage,1,6.0
34.2,19.1,65.0,0.4,Argileux,Arboriculture,1,10.09
53.7,25.3,62.6,0.3,Limoneux,Céréales,0,0.0
2.0,15.5,45.3,2.6,Limoneux,Céréales,1,7.31
44.1,12.0,66.1,0.8,Argileux,Arboriculture,0,0.0
38.1,31.2,88.5,7.2,Argileux,Maraîchage,0,0.0
27.0,20.7,63.5,0.5,Argileux,Céréales,1,6.07
68.8,32.1,65.2,1.8,Sableux,Arboriculture,0,0.0
37.8,33.8,67.1,4.0,Argileux,Céréales,0,0.0
41.1,21.7,28.7,1.2,Limoneux,Céréales,1,4.97
36.7,30.1,63.3,1.5,Limoneux,Maraîchage,1,7.61
2.8,21.4,36.7,11.9,Limoneux,Maraîchage,0,0.0
20.1,13.1,44.4,0.4,Sableux,Maraîchage,1,7.56
66.1,26.9,93.9,2.6,Sableux,Maraîchage,0,0.0
2.0,22.7,50.4,1.3,Limoneux,Arboriculture,1,17.04
28.1,22.9,41.7,0.6,Argileux,Céréales,1,7.07
36.2,39.8,75.7,8.3,Argileux,Céréales,0,0.0
83.4,15.3,37.9,3.0,Sableux,Arboriculture,0,0.0
61.9,28.7,46.9,0.8,Argileux,Maraîchage,1,6.0
32.7,19.0,77.5,2.0,Sableux,Maraîchage,0,0.0
73.7,32.4,55.8,4.2,Argileux,Céréales,0,0.0
28.7,28.1,26.9,1.6,Limoneux,Arboriculture,1,14.23
67.2,28.7,64.8,1.5,Limoneux,Céréales,0,0.0
15.1,19.4,47.9,2.3,Argileux,Arboriculture,1,14.37
68.6,20.6,82.7,0.9,Limoneux,Maraîchage,0,0.0
36.1,32.5,44.1,0.1,Argileux,Arboriculture,1,15.05
22.4,38.4,73.9,7.3,Limoneux,Maraîchage,0,0.0
40.2,29.4,87.0,0.2,Argileux,Maraîchage,1,7.36
51.1,19.7,39.7,2.7,Limoneux,Céréales,0,0.0
34.1,28.4,51.5,0.4,Sableux,Maraîchage,1,7.8
57.2,43.0,62.0,0.3,Argileux,Arboriculture,0,0.0
32.2,26.7,39.6,2.1,Limoneux,Arboriculture,1,11.76
58.6,36.2,59.9,0.7,Limoneux,Céréales,1,4.0
54.7,20.8,51.0,5.5,Sableux,Maraîchage,0,0.0
43.7,25.7,50.6,0.8,Sableux,Maraîchage,0,0.0
35.3,30.3,55.9,6.2,Limoneux,Céréales,1,4.0
48.3,28.8,56.3,5.4,Sableux,Céréales,0,0.0
57.1,20.6,57.9,8.9,Argileux,Arboriculture,0,0.0
90.4,20.3,44.2,2.8,Argileux,Céréales,0,0.0
65.7,32.9,45.0,7.2,Argileux,Maraîchage,0,0.0
66.5,34.3,52.9,0.6,Argileux,Maraîchage,1,6.0
100.0,36.6,54.2,5.4,Limoneux,Arboriculture,0,0.0
56.4,38.6,47.1,1.0,Sableux,Maraîchage,0,0.0
55.7,26.9,60.8,6.1,Limoneux,Arboriculture,0,0.0
60.5,23.8,22.3,3.6,Limoneux,Maraîchage,0,0.0
22.8,35.5,41.9,2.4,Argileux,Arboriculture,1,17.27
35.2,31.0,50.0,3.1,Sableux,Arboriculture,0,0.0
33.9,19.1,39.6,2.9,Limoneux,Céréales,1,4.42
59.2,18.8,84.3,0.8,Limoneux,Maraîchage,0,0.0
41.2,29.4,55.3,2.9,Sableux,Arboriculture,0,0.0
48.0,24.8,58.2,8.9,Sableux,Maraîchage,0,0.0
68.9,25.8,46.3,2.7,Limoneux,Céréales,0,0.0
64.0,33.5,54.7,0.4,Sableux,Arboriculture,0,0.0
41.4,31.3,33.1,5.7,Sableux,Arboriculture,0,0.0
30.3,35.3,51.9,0.9,Limoneux,Maraîchage,1,10.69
70.0,12.5,38.1,3.8,Sableux,Arboriculture,0,0.0
62.0,27.8,50.0,0.2,Limoneux,Maraîchage,0,0.0
9.7,30.9,10.0,1.1,Sableux,Arboriculture,1,19.2
38.1,15.3,34.7,0.1,Sableux,Céréales,0,0.0
48.6,21.4,81.4,2.5,Limoneux,Maraîchage,0,0.0
62.1,20.1,69.9,2.1,Argileux,Céréales,0,0.0
65.0,26.2,78.7,2.2,Limoneux,Maraîchage,0,0.0
51.2,37.4,80.0,4.9,Argileux,Arboriculture,0,0.0
57.9,40.2,67.1,1.4,Limoneux,Maraîchage,1,6.0
46.4,20.3,46.8,1.0,Limoneux,Maraîchage,0,0.0
30.2,29.7,36.3,0.1,Limoneux,Céréales,1,7.29
39.3,29.9,75.6,2.3,Argileux,Arboriculture,1,9.55
45.4,28.7,56.2,4.5,Argileux,Céréales,0,0.0
44.2,28.8,99.9,7.0,Argileux,Céréales,0,0.0
3.5,28.1,48.4,0.3,Argileux,Céréales,1,10.28
36.3,37.8,90.5,0.4,Limoneux,Arboriculture,0,0.0
46.2,33.7,52.2,0.8,Limoneux,Céréales,0,0.0
38.8,18.6,79.0,6.6,Argileux,Arboriculture,1,8.0
39.6,31.6,85.5,1.4,Sableux,Arboriculture,0,0.0
55.7,32.2,36.6,3.0,Limoneux,Arboriculture,1,8.0
21.3,28.2,46.3,0.8,Argileux,Arboriculture,1,16.48
9.2,33.9,36.4,3.2,Limoneux,Arboriculture,1,18.12
37.3,27.3,32.9,0.0,Sableux,Maraîchage,0,0.0
61.8,27.4,67.0,2.3,Limoneux,Arboriculture,1,8.0
82.1,26.8,51.5,0.4,Sableux,Arboriculture,0,0.0
62.2,11.9,55.9,8.4,Argileux,Maraîchage,0,0.0
12.7,25.4,65.0,0.8,Argileux,Arboriculture,1,16.19
39.9,21.3,21.6,0.3,Sableux,Maraîchage,1,7.3
50.6,17.7,78.2,5.7,Limoneux,Céréales,0,0.0
48.9,36.0,48.7,0.3,Argileux,Arboriculture,0,0.0
56.9,29.5,64.6,1.2,Argileux,Maraîchage,0,0.0
24.8,25.8,66.2,8.4,Sableux,Céréales,0,0.0
46.4,22.0,79.7,1.8,Limoneux,Arboriculture,1,8.0
54.2,28.1,53.1,4.8,Limoneux,Céréales,0,0.0
63.2,32.9,16.8,0.3,Limoneux,Arboriculture,0,0.0
27.3,20.2,56.0,1.0,Sableux,Maraîchage,1,6.72
37.4,26.0,58.6,5.4,Sableux,Arboriculture,0,0.0
2.0,32.1,36.4,0.5,Argileux,Arboriculture,1,22.75
31.3,12.4,57.7,0.6,Sableux,Arboriculture,0,0.0
33.5,25.6,48.5,0.5,Sableux,Maraîchage,1,7.48
22.6,23.0,30.8,15.5,Sableux,Arboriculture,0,0.0
48.6,25.1,67.1,2.9,Sableux,Céréales,0,0.0
43.8,22.5,44.9,0.7,Sableux,Céréales,0,0.0
2.0,27.0,47.7,3.9,Limoneux,Céréales,1,8.26
49.7,39.5,46.7,1.4,Argileux,Céréales,1,6.34
24.6,23.7,77.2,0.3,Sableux,Céréales,0,0.0
55.7,28.0,54.3,6.0,Sableux,Céréales,0,0.0
16.8,40.0,56.4,4.5,Sableux,Maraîchage,1,10.44
45.7,22.1,47.1,4.3,Limoneux,Arboriculture,0,0.0
38.8,38.7,63.3,0.7,Sableux,Maraîchage,1,8.18
51.7,26.0,79.3,3.8,Argileux,Maraîchage,0,0.0
47.7,38.5,66.7,1.4,Limoneux,Céréales,0,0.0
39.4,31.3,67.4,2.4,Argileux,Céréales,0,0.0
11.2,28.1,65.9,7.7,Limoneux,Céréales,1,5.33
12.5,25.5,30.2,6.2,Limoneux,Arboriculture,0,0.0
32.2,21.6,39.2,2.3,Argileux,Maraîchage,0,0.0
44.8,26.5,51.3,1.7,Limoneux,Maraîchage,1,6.17
31.6,32.3,41.9,3.3,Argileux,Céréales,1,6.94
58.8,25.9,35.8,5.0,Argileux,Arboriculture,0,0.0
38.9,23.8,21.3,3.8,Limoneux,Céréales,0,0.0
23.8,24.2,30.8,1.5,Argileux,Céréales,1,7.84
38.9,32.9,50.4,0.2,Sableux,Céréales,1,5.35
50.0,34.6,53.8,1.9,Argileux,Arboriculture,1,10.46
52.1,21.3,40.7,0.1,Argileux,Céréales,1,4.44
86.3,21.3,56.4,0.4,Argileux,Arboriculture,0,0.0
30.3,28.7,47.2,4.0,Sableux,Arboriculture,1,9.11
43.4,36.7,74.6,2.3,Argileux,Maraîchage,1,7.91
54.4,34.0,52.1,2.3,Limoneux,Maraîchage,0,0.0
44.5,17.2,67.5,2.2,Sableux,Arboriculture,0,0.0
34.0,24.2,58.7,2.5,Sableux,Maraîchage,1,6.0
10.9,19.5,29.8,3.5,Limoneux,Céréales,1,7.18
33.8,24.1,53.4,5.1,Sableux,Maraîchage,1,6.0
21.4,37.2,32.8,5.5,Sableux,Céréales,1,6.7
7.0,16.0,53.1,1.3,Limoneux,Maraîchage,1,10.47
27.5,14.7,41.6,0.9,Limoneux,Céréales,1,5.16
22.0,20.2,61.9,6.9,Sableux,Arboriculture,0,0.0
57.8,28.0,30.8,0.7,Argileux,Arboriculture,1,9.7
58.2,30.3,55.3,11.7,Argileux,Arboriculture,0,0.0
25.1,29.1,65.3,7.3,Limoneux,Maraîchage,1,6.13
39.3,34.2,71.3,1.4,Argileux,Céréales,1,5.83
4.1,13.7,41.2,4.6,Limoneux,Maraîchage,1,9.48
34.1,34.3,55.3,7.9,Sableux,Arboriculture,0,0.0
53.8,23.8,58.3,0.2,Sableux,Arboriculture,1,8.0
63.1,31.1,82.8,2.9,Argileux,Maraîchage,0,0.0
29.3,16.7,28.3,4.9,Argileux,Céréales,0,0.0
68.1,26.0,38.6,5.0,Argileux,Céréales,0,0.0
11.7,27.7,100.0,0.3,Sableux,Céréales,1,5.67
17.6,34.1,50.1,3.0,Sableux,Céréales,1,6.9
60.6,14.9,21.0,0.4,Sableux,Maraîchage,0,0.0
81.8,26.2,44.5,3.9,Sableux,Céréales,0,0.0
55.9,18.4,10.0,0.3,Sableux,Céréales,1,4.0
44.1,29.5,59.3,1.9,Limoneux,Arboriculture,1,8.42
2.0,31.4,69.6,1.8,Sableux,Arboriculture,1,15.81
2.0,35.0,38.6,1.1,Argileux,Arboriculture,1,22.94
47.8,22.3,46.5,1.2,Limoneux,Maraîchage,1,6.0
37.1,32.5,71.6,0.5,Sableux,Arboriculture,0,0.0
20.7,35.5,23.5,1.2,Limoneux,Céréales,1,9.24
46.4,14.5,31.2,5.7,Argileux,Céréales,0,0.0
47.5,30.3,50.9,14.1,Sableux,Arboriculture,0,0.0
65.8,32.7,41.5,0.7,Sableux,Arboriculture,1,8.0
48.0,24.2,49.7,17.6,Sableux,Maraîchage,0,0.0
72.0,17.5,32.3,11.0,Argileux,Céréales,0,0.0
45.2,32.6,58.9,3.7,Sableux,Arboriculture,0,0.0
42.5,17.6,52.3,4.0,Limoneux,Céréales,1,4.0
68.4,24.8,64.9,0.1,Limoneux,Maraîchage,0,0.0
23.5,25.7,58.6,2.4,Argileux,Céréales,1,6.63
100.0,31.0,58.7,1.9,Sableux,Arboriculture,0,0.0
53.3,21.6,29.0,1.1,Argileux,Maraîchage,0,0.0
53.4,21.2,63.9,8.0,Argileux,Arboriculture,0,0.0
56.6,26.7,49.0,3.0,Limoneux,Arboriculture,0,0.0
86.3,33.0,52.0,13.7,Sableux,Arboriculture,0,0.0
62.4,42.0,73.9,0.4,Argileux,Maraîchage,0,0.0
9.7,15.4,42.1,3.2,Sableux,Maraîchage,1,8.38
75.9,28.2,79.3,1.3,Limoneux,Céréales,0,0.0
37.5,18.4,81.0,5.7,Limoneux,Céréales,0,0.0
47.4,33.1,68.6,0.8,Sableux,Céréales,0,0.0
16.9,19.4,37.3,6.5,Limoneux,Arboriculture,1,10.31
56.6,21.3,15.6,7.0,Sableux,Arboriculture,0,0.0
30.7,21.9,74.4,5.0,Sableux,Maraîchage,0,0.0
47.2,25.5,57.0,5.1,Sableux,Arboriculture,0,0.0
38.7,28.3,41.6,1.1,Sableux,Maraîchage,0,0.0
87.4,29.4,76.1,2.0,Limoneux,Céréales,0,0.0
88.6,26.0,39.5,1.1,Argileux,Maraîchage,0,0.0
46.0,16.7,47.4,2.5,Sableux,Céréales,0,0.0
46.4,31.1,64.4,1.8,Sableux,Arboriculture,1,8.0
36.8,25.6,35.0,1.7,Sableux,Céréales,1,4.73
69.3,34.1,53.0,0.4,Limoneux,Arboriculture,0,0.0
37.8,21.0,74.6,9.9,Sableux,Maraîchage,0,0.0
35.7,14.8,58.8,0.3,Limoneux,Céréales,1,4.0
66.5,25.8,77.5,0.2,Sableux,Céréales,0,0.0
33.2,35.1,75.4,0.0,Sableux,Arboriculture,0,0.0
44.2,27.1,55.1,3.1,Limoneux,Arboriculture,0,0.0
10.2,24.6,12.9,11.6,Limoneux,Céréales,1,5.75
60.5,19.9,35.1,0.4,Limoneux,Maraîchage,0,0.0
87.7,38.3,68.7,0.3,Argileux,Céréales,0,0.0
60.9,18.8,27.1,2.2,Limoneux,Maraîchage,0,0.0
77.2,20.9,49.1,2.5,Argileux,Céréales,0,0.0
26.4,30.0,61.1,10.9,Limoneux,Maraîchage,1,6.0
50.2,13.0,81.5,0.2,Sableux,Céréales,0,0.0
24.3,34.9,44.6,4.3,Sableux,Maraîchage,0,0.0
40.0,30.4,43.4,1.5,Sableux,Maraîchage,0,0.0
62.0,32.3,54.1,1.6,Limoneux,Maraîchage,0,0.0
47.2,29.9,61.3,5.9,Sableux,Arboriculture,0,0.0
13.9,24.9,52.2,1.0,Argileux,Arboriculture,1,16.6
16.1,18.6,73.9,3.1,Limoneux,Arboriculture,1,9.69
14.6,25.0,40.6,0.1,Argileux,Maraîchage,1,13.54
55.8,19.2,57.2,0.2,Argileux,Céréales,1,4.0
90.4,29.4,63.0,5.1,Limoneux,Arboriculture,0,0.0
75.0,31.6,47.8,0.6,Sableux,Céréales,0,0.0
3.3,36.3,70.1,3.9,Argileux,Maraîchage,1,13.88
76.3,28.6,57.7,1.0,Sableux,Maraîchage,0,0.0
65.6,32.5,69.2,8.1,Sableux,Maraîchage,0,0.0
11.0,23.9,58.5,3.8,Argileux,Arboriculture,1,14.55
38.3,22.7,61.8,2.7,Limoneux,Maraîchage,0,0.0
69.1,29.3,43.6,4.1,Sableux,Arboriculture,0,0.0
57.1,23.3,43.6,12.3,Limoneux,Arboriculture,0,0.0
16.2,27.9,77.0,1.4,Limoneux,Arboriculture,1,13.07
58.4,18.6,66.4,5.9,Argileux,Arboriculture,0,0.0
2.0,19.8,36.6,2.8,Argileux,Maraîchage,1,13.44
40.1,30.4,58.3,0.0,Sableux,Arboriculture,1,9.33
70.0,32.2,12.3,3.7,Sableux,Maraîchage,0,0.0
45.4,19.1,44.7,1.4,Limoneux,Maraîchage,0,0.0
34.0,30.7,72.3,0.2,Sableux,Maraîchage,1,7.09
64.6,22.3,52.7,0.5,Sableux,Maraîchage,0,0.0
66.4,26.1,57.1,0.1,Sableux,Maraîchage,0,0.0
73.8,35.9,10.0,7.4,Sableux,Maraîchage,0,0.0
64.2,31.7,47.9,1.0,Argileux,Maraîchage,0,0.0
68.8,31.6,61.1,6.9,Sableux,Céréales,1,4.0
61.1,39.4,63.4,4.0,Sableux,Maraîchage,0,0.0
50.8,21.1,72.3,0.3,Argileux,Maraîchage,0,0.0
47.0,19.1,51.2,1.2,Sableux,Arboriculture,0,0.0
39.8,20.9,52.0,1.9,Argileux,Maraîchage,1,6.99
18.3,24.2,31.0,1.7,Sableux,Maraîchage,1,10.11
24.0,9.5,51.3,1.9,Sableux,Maraîchage,1,6.0
38.8,24.5,32.3,2.9,Sableux,Maraîchage,1,6.09
50.3,22.2,21.7,8.6,Argileux,Céréales,0,0.0
76.7,31.5,35.5,1.1,Limoneux,Arboriculture,1,8.0
44.1,28.5,82.2,0.9,Limoneux,Arboriculture,0,0.0
67.1,21.8,50.1,0.1,Sableux,Céréales,1,4.0
68.7,30.1,59.0,2.1,Sableux,Maraîchage,0,0.0
39.9,31.1,45.8,3.1,Limoneux,Arboriculture,1,9.99
58.1,20.6,22.8,1.1,Sableux,Maraîchage,0,0.0
39.6,22.5,71.9,0.4,Limoneux,Céréales,1,4.0
74.1,10.4,15.9,2.1,Argileux,Céréales,0,0.0
59.0,18.4,45.0,1.1,Argileux,Arboriculture,1,8.0
18.8,20.8,54.0,2.5,Limoneux,Maraîchage,1,8.77
48.6,26.5,59.1,9.1,Sableux,Céréales,1,4.0
81.3,19.4,41.9,7.1,Sableux,Céréales,0,0.0
41.0,22.4,21.9,3.9,Argileux,Céréales,1,5.19
54.8,17.4,40.6,3.9,Limoneux,Arboriculture,1,8.0
57.0,27.2,41.5,7.5,Limoneux,Arboriculture,1,8.0
22.2,29.0,41.1,0.9,Limoneux,Céréales,1,7.62
56.2,28.8,72.5,3.8,Sableux,Céréales,0,0.0
14.3,26.1,33.2,5.0,Argileux,Arboriculture,1,15.58
31.2,15.2,60.4,2.5,Argileux,Céréales,1,4.3
68.7,21.7,57.8,0.1,Argileux,Maraîchage,0,0.0
52.8,23.1,72.3,1.5,Argileux,Céréales,0,0.0
38.3,23.2,52.6,7.0,Sableux,Maraîchage,0,0.0
54.8,26.5,69.2,5.7,Sableux,Maraîchage,0,0.0
43.7,36.0,51.9,3.5,Sableux,Céréales,0,0.0
45.3,31.7,62.8,0.3,Argileux,Arboriculture,1,11.14
59.5,19.1,27.9,2.3,Limoneux,Arboriculture,0,0.0
29.0,30.7,10.0,2.2,Limoneux,Maraîchage,1,11.82
45.9,30.5,61.8,0.1,Argileux,Céréales,0,0.0
38.1,20.4,62.8,1.2,Limoneux,Maraîchage,0,0.0
10.1,31.9,63.6,2.5,Argileux,Arboriculture,1,17.32
24.7,24.9,45.6,3.1,Argileux,Maraîchage,1,9.99
79.5,16.1,81.8,4.2,Sableux,Arboriculture,0,0.0
53.5,29.2,46.7,0.8,Limoneux,Arboriculture,1,8.06
15.9,27.5,62.6,3.2,Argileux,Arboriculture,1,14.5
11.1,24.4,65.7,1.4,Argileux,Maraîchage,1,11.83
42.5,25.7,85.9,0.3,Sableux,Arboriculture,0,0.0
79.3,21.0,49.3,2.0,Sableux,Arboriculture,0,0.0
40.9,30.3,43.2,3.4,Limoneux,Céréales,1,4.78
73.8,25.7,28.0,1.5,Argileux,Arboriculture,1,8.0
52.7,27.2,82.9,3.7,Sableux,Arboriculture,1,8.0
55.4,28.5,62.6,3.0,Limoneux,Maraîchage,0,0.0
15.6,17.9,63.2,1.0,Sableux,Arboriculture,1,10.4
65.6,19.7,100.0,0.2,Sableux,Arboriculture,0,0.0
37.6,10.5,60.9,3.0,Limoneux,Maraîchage,0,0.0
64.0,30.0,31.6,2.8,Limoneux,Maraîchage,0,0.0
27.1,17.5,51.5,0.6,Limoneux,Arboriculture,1,10.54
48.9,26.9,37.5,0.4,Sableux,Maraîchage,0,0.0
52.7,28.6,47.9,1.0,Argileux,Céréales,1,4.68
41.6,30.2,47.8,2.9,Sableux,Arboriculture,1,8.0
53.9,17.6,44.4,0.6,Argileux,Céréales,0,0.0
39.1,25.5,29.9,4.3,Sableux,Arboriculture,0,0.0
30.7,37.7,83.7,4.6,Argileux,Maraîchage,1,8.41
80.3,38.0,60.4,0.7,Limoneux,Maraîchage,0,0.0
68.1,32.9,50.9,0.3,Limoneux,Arboriculture,1,8.0
28.3,28.4,68.6,0.5,Sableux,Céréales,0,0.0
57.5,19.0,63.5,10.9,Argileux,Maraîchage,0,0.0
28.7,31.0,60.0,0.6,Sableux,Maraîchage,0,0.0
18.9,24.9,67.3,0.5,Limoneux,Céréales,1,6.53
67.7,29.9,57.4,0.4,Argileux,Céréales,0,0.0
7.5,21.6,67.1,0.2,Argileux,Maraîchage,1,12.42
65.4,24.8,68.6,0.2,Argileux,Céréales,1,4.0
39.4,27.1,57.9,10.3,Sableux,Céréales,0,0.0
40.3,27.7,51.0,0.0,Argileux,Céréales,1,6.16
54.0,29.5,82.5,2.1,Argileux,Maraîchage,0,0.0
57.8,21.9,46.4,0.3,Sableux,Céréales,0,0.0
26.8,16.6,62.0,2.5,Sableux,Arboriculture,1,8.0
60.8,37.4,62.5,0.5,Argileux,Maraîchage,1,6.85
47.5,43.4,44.0,5.8,Sableux,Maraîchage,0,0.0
17.4,29.1,40.5,7.6,Limoneux,Arboriculture,1,11.68
41.3,16.7,48.6,4.1,Sableux,Céréales,0,0.0
75.4,20.6,46.1,2.8,Sableux,Arboriculture,0,0.0
81.9,29.6,28.8,3.6,Argileux,Céréales,0,0.0
60.8,35.4,43.3,2.3,Sableux,Arboriculture,1,8.0
18.8,17.5,59.8,1.3,Argileux,Céréales,1,6.41
55.8,25.1,77.8,0.3,Argileux,Maraîchage,1,6.0
63.7,27.4,65.0,3.9,Sableux,Arboriculture,0,0.0
61.0,32.1,10.0,3.2,Sableux,Céréales,1,4.0
62.3,23.6,66.5,0.8,Argileux,Maraîchage,0,0.0
53.0,15.1,45.0,2.1,Limoneux,Céréales,0,0.0
43.4,30.3,63.2,0.0,Sableux,Céréales,1,4.08
31.6,33.9,54.7,1.9,Argileux,Maraîchage,1,10.68
3.2,25.4,51.5,1.3,Sableux,Arboriculture,1,15.78
52.5,28.8,53.2,0.2,Sableux,Maraîchage,1,6.0
49.1,22.7,54.6,0.0,Argileux,Maraîchage,1,6.61
57.3,20.1,79.2,1.0,Sableux,Céréales,0,0.0
15.6,33.2,54.6,5.9,Limoneux,Arboriculture,1,13.17
59.2,28.7,74.5,8.7,Argileux,Arboriculture,0,0.0
90.2,29.4,71.9,12.1,Limoneux,Arboriculture,0,0.0
46.7,36.5,67.0,3.9,Limoneux,Maraîchage,0,0.0
43.6,18.6,22.8,3.6,Limoneux,Arboriculture,1,8.0
51.8,22.1,75.1,0.7,Sableux,Arboriculture,0,0.0
89.7,27.1,46.8,0.2,Limoneux,Céréales,0,0.0
22.5,22.0,67.9,5.7,Argileux,Céréales,1,4.73
49.5,31.5,37.5,12.9,Sableux,Maraîchage,0,0.0
27.4,24.7,33.7,1.7,Argileux,Arboriculture,0,0.0
33.0,19.1,90.6,1.5,Limoneux,Arboriculture,0,0.0
43.9,26.5,37.8,1.4,Limoneux,Céréales,0,0.0
74.6,27.2,75.6,0.7,Sableux,Céréales,0,0.0
84.6,32.5,57.1,2.4,Limoneux,Céréales,0,0.0
54.9,28.8,47.4,6.4,Sableux,Maraîchage,0,0.0
36.7,29.2,54.2,1.2,Sableux,Céréales,0,0.0
99.8,28.2,31.6,0.1,Argileux,Arboriculture,0,0.0
35.6,24.7,54.8,3.9,Sableux,Arboriculture,1,8.0
32.4,21.0,35.5,3.9,Limoneux,Arboriculture,1,9.23
6.0,28.0,47.9,7.2,Limoneux,Céréales,1,6.8
75.7,23.7,71.7,9.7,Sableux,Arboriculture,0,0.0
66.3,37.8,59.6,5.6,Sableux,Céréales,0,0.0
98.2,35.4,28.3,1.3,Limoneux,Céréales,0,0.0
14.4,30.4,70.3,1.0,Limoneux,Céréales,1,7.45
77.1,28.6,54.9,0.9,Argileux,Arboriculture,0,0.0
46.5,25.4,45.2,0.5,Argileux,Arboriculture,1,10.46
62.7,17.2,68.4,1.6,Sableux,Maraîchage,0,0.0
8.7,24.5,52.0,5.4,Sableux,Maraîchage,1,8.55
77.3,26.7,34.0,2.3,Sableux,Céréales,0,0.0
62.3,27.6,88.3,0.5,Limoneux,Céréales,0,0.0
44.1,29.3,54.7,0.0,Sableux,Arboriculture,1,8.4
59.2,32.4,53.5,0.7,Sableux,Céréales,0,0.0
28.2,21.2,47.7,4.0,Argileux,Céréales,1,5.41
32.3,21.2,76.2,1.8,Argileux,Arboriculture,0,0.0
34.8,36.2,45.6,0.8,Argileux,Céréales,1,7.82
4.2,31.4,27.2,0.3,Sableux,Céréales,1,9.86
64.0,23.3,42.8,0.2,Limoneux,Céréales,1,4.0
71.2,25.2,78.9,6.9,Limoneux,Céréales,0,0.0
29.6,25.3,70.0,0.8,Sableux,Arboriculture,0,0.0
52.7,26.2,50.4,0.4,Limoneux,Arboriculture,1,8.0
39.2,29.3,79.7,4.3,Limoneux,Céréales,1,4.0
52.2,43.7,68.5,1.6,Limoneux,Céréales,1,4.9
31.2,27.3,50.2,5.5,Argileux,Céréales,0,0.0
25.6,30.6,52.0,0.4,Argileux,Maraîchage,1,11.98
68.1,14.2,60.9,6.4,Limoneux,Céréales,0,0.0
43.6,22.6,40.0,0.3,Argileux,Maraîchage,1,8.24
89.5,34.6,55.1,0.4,Argileux,Maraîchage,0,0.0
46.0,28.8,60.6,0.0,Limoneux,Maraîchage,1,6.77
24.6,8.0,24.6,3.3,Sableux,Céréales,0,0.0
72.0,30.7,51.6,0.6,Argileux,Maraîchage,0,0.0
58.9,39.4,49.5,11.8,Argileux,Céréales,0,0.0
61.0,12.0,73.5,0.3,Argileux,Céréales,0,0.0
71.2,36.6,21.8,2.4,Sableux,Céréales,0,0.0
30.6,8.0,48.1,7.0,Limoneux,Arboriculture,0,0.0
42.2,32.6,46.3,0.5,Argileux,Céréales,1,6.61
41.2,25.9,72.3,1.0,Limoneux,Arboriculture,0,0.0
16.6,9.6,54.2,4.7,Argileux,Arboriculture,0,0.0
39.2,29.1,87.3,7.6,Sableux,Maraîchage,0,0.0
74.4,34.1,66.9,2.0,Sableux,Maraîchage,0,0.0
50.2,28.5,47.6,1.6,Argileux,Céréales,0,0.0
15.4,30.1,59.3,3.5,Limoneux,Arboriculture,1,13.75
10.8,23.1,48.6,2.3,Limoneux,Maraîchage,1,10.99
81.6,13.0,70.5,0.6,Limoneux,Maraîchage,0,0.0
43.0,30.8,31.0,5.9,Limoneux,Arboriculture,0,0.0
30.8,38.2,40.2,0.2,Argileux,Arboriculture,1,17.93
39.0,33.9,63.2,0.7,Sableux,Maraîchage,0,0.0
12.5,12.1,77.1,3.3,Argileux,Céréales,1,5.03
76.3,15.4,15.4,2.0,Argileux,Céréales,1,4.0
36.4,20.1,79.7,2.1,Limoneux,Maraîchage,0,0.0
75.1,14.8,52.5,0.4,Limoneux,Maraîchage,0,0.0
46.1,26.3,21.1,6.1,Sableux,Céréales,1,4.0
76.4,28.8,10.0,0.9,Argileux,Céréales,0,0.0
50.6,16.0,27.5,3.5,Limoneux,Maraîchage,0,0.0
63.8,31.4,54.6,0.1,Sableux,Céréales,0,0.0
60.8,30.2,53.8,2.1,Limoneux,Maraîchage,0,0.0
58.7,22.2,66.4,2.4,Argileux,Arboriculture,0,0.0
52.7,24.8,45.1,9.5,Sableux,Maraîchage,0,0.0
39.9,12.4,35.1,5.6,Sableux,Maraîchage,0,0.0
87.1,23.7,47.6,12.7,Argileux,Maraîchage,0,0.0
25.0,26.1,55.6,0.9,Sableux,Arboriculture,1,11.09
45.1,27.2,59.2,5.3,Argileux,Arboriculture,0,0.0
45.3,28.7,40.8,1.2,Argileux,Céréales,1,5.72
53.9,27.7,71.2,0.5,Argileux,Maraîchage,1,6.0
35.6,24.1,43.8,5.6,Argileux,Arboriculture,0,0.0
51.9,28.0,39.3,3.2,Sableux,Céréales,0,0.0
41.3,33.0,45.2,6.4,Sableux,Arboriculture,0,0.0
10.2,25.3,74.3,1.0,Limoneux,Céréales,1,7.1
45.2,28.2,52.6,2.4,Limoneux,Arboriculture,0,0.0
20.8,24.7,42.5,2.6,Argileux,Arboriculture,0,0.0
6.8,21.5,71.7,1.0,Argileux,Maraîchage,1,11.79
48.0,29.7,93.6,6.1,Limoneux,Arboriculture,0,0.0
55.7,22.1,58.8,0.6,Argileux,Maraîchage,1,6.0
56.6,28.7,77.2,4.9,Limoneux,Céréales,0,0.0
57.5,26.2,73.6,10.0,Limoneux,Maraîchage,0,0.0
2.5,23.9,44.1,0.8,Limoneux,Arboriculture,1,18.08
15.1,23.7,55.5,1.2,Limoneux,Maraîchage,1,10.58
88.4,22.4,31.9,2.2,Sableux,Céréales,0,0.0
22.0,14.5,51.3,13.0,Argileux,Céréales,1,4.0
58.4,28.7,43.7,0.3,Limoneux,Arboriculture,0,0.0
29.9,27.6,47.7,0.8,Argileux,Arboriculture,1,14.3
46.8,31.9,41.5,2.4,Limoneux,Maraîchage,0,0.0
31.1,22.3,49.8,0.3,Argileux,Arboriculture,0,0.0
57.4,39.3,64.6,5.4,Argileux,Maraîchage,0,0.0
48.0,23.3,52.8,0.6,Limoneux,Céréales,0,0.0
35.1,19.9,21.4,0.1,Limoneux,Céréales,1,6.06
21.9,19.0,41.6,1.0,Sableux,Céréales,0,0.0
50.9,13.9,27.7,6.3,Argileux,Arboriculture,0,0.0
18.3,36.7,59.4,0.6,Argileux,Arboriculture,1,18.46
54.4,35.6,64.1,0.2,Argileux,Céréales,1,5.05
100.0,30.2,59.6,1.4,Argileux,Arboriculture,1,8.0
74.7,19.7,40.8,5.8,Argileux,Maraîchage,0,0.0
60.8,38.7,59.4,0.8,Argileux,Maraîchage,0,0.0
43.1,23.5,46.5,4.6,Limoneux,Céréales,0,0.0
2.3,24.1,34.5,4.5,Sableux,Céréales,1,7.37
15.9,36.1,68.4,1.1,Sableux,Arboriculture,1,14.56
73.2,30.6,69.7,2.0,Sableux,Arboriculture,0,0.0
27.6,41.4,72.1,1.0,Limoneux,Maraîchage,1,11.05
29.6,27.7,44.0,0.9,Argileux,Maraîchage,1,11.01
41.4,23.2,76.2,2.7,Limoneux,Arboriculture,1,8.0
21.6,21.7,46.1,10.1,Sableux,Céréales,1,4.0
18.0,13.1,66.8,1.4,Sableux,Maraîchage,1,6.0
43.9,24.0,45.8,11.9,Argileux,Arboriculture,0,0.0
25.4,34.0,51.0,1.7,Argileux,Céréales,1,8.04
28.7,30.2,11.4,3.0,Limoneux,Arboriculture,1,15.02
27.8,26.1,49.6,1.5,Argileux,Arboriculture,0,0.0
56.5,19.0,56.6,0.6,Argileux,Arboriculture,0,0.0
39.9,27.6,47.6,0.1,Argileux,Céréales,1,6.3
41.1,33.1,86.6,7.5,Argileux,Arboriculture,1,8.0
58.1,29.0,34.1,1.1,Limoneux,Arboriculture,0,0.0
41.9,27.2,44.9,9.0,Limoneux,Maraîchage,0,0.0
38.9,20.4,38.7,1.7,Limoneux,Maraîchage,0,0.0
55.3,32.1,44.9,0.0,Sableux,Maraîchage,0,0.0
59.7,8.0,73.6,2.3,Limoneux,Céréales,0,0.0
41.8,28.7,81.6,6.6,Limoneux,Céréales,0,0.0
46.8,44.0,42.4,3.1,Limoneux,Maraîchage,1,9.08
27.8,15.4,42.0,5.5,Limoneux,Céréales,0,0.0
26.1,24.3,34.2,2.2,Limoneux,Maraîchage,0,0.0
61.9,25.9,78.5,0.7,Limoneux,Céréales,0,0.0
54.8,22.8,75.2,1.5,Sableux,Céréales,0,0.0
55.0,33.3,53.1,2.9,Limoneux,Céréales,1,4.0
51.2,29.3,29.9,5.8,Limoneux,Céréales,1,4.0
46.0,27.1,31.5,0.4,Argileux,Céréales,1,6.1
60.3,31.6,58.1,6.9,Limoneux,Arboriculture,0,0.0
65.6,26.1,64.9,0.1,Limoneux,Arboriculture,0,0.0
65.0,45.0,17.8,0.0,Sableux,Arboriculture,1,10.85
42.8,27.1,49.2,0.9,Sableux,Céréales,0,0.0
75.5,27.4,84.1,3.9,Limoneux,Céréales,0,0.0
50.0,14.0,51.1,0.4,Limoneux,Maraîchage,0,0.0
58.9,22.2,81.8,7.9,Limoneux,Céréales,0,0.0
51.2,34.0,66.7,3.9,Limoneux,Maraîchage,0,0.0
50.4,16.7,35.5,0.6,Argileux,Céréales,0,0.0
28.8,10.9,49.7,0.7,Sableux,Maraîchage,0,0.0
60.4,26.2,52.7,0.5,Sableux,Céréales,0,0.0
100.0,35.6,37.9,2.3,Sableux,Arboriculture,0,0.0
36.8,26.3,37.5,4.0,Sableux,Arboriculture,0,0.0
46.6,23.6,82.1,0.7,Argileux,Céréales,0,0.0
35.2,13.0,37.4,0.8,Sableux,Maraîchage,0,0.0
34.3,29.2,74.4,1.6,Limoneux,Maraîchage,1,7.09
79.0,30.6,47.1,0.1,Sableux,Maraîchage,0,0.0
30.2,13.5,54.5,9.4,Argileux,Arboriculture,0,0.0
34.6,33.9,65.1,0.3,Argileux,Arboriculture,1,13.87
10.1,31.4,44.2,1.8,Sableux,Céréales,1,8.02
28.3,33.9,65.2,2.4,Sableux,Maraîchage,1,7.95
7.4,30.1,18.2,1.4,Sableux,Maraîchage,1,14.0
58.9,30.6,62.9,5.8,Limoneux,Arboriculture,0,0.0
100.0,29.6,10.6,1.3,Argileux,Maraîchage,0,0.0
36.9,32.1,50.9,1.3,Limoneux,Maraîchage,1,8.8
8.3,13.3,70.4,2.7,Argileux,Maraîchage,0,0.0
64.8,15.5,66.2,1.9,Limoneux,Maraîchage,0,0.0
29.0,20.8,31.6,3.0,Sableux,Céréales,0,0.0
73.6,25.1,33.9,0.6,Limoneux,Arboriculture,0,0.0
38.8,28.7,42.6,1.9,Sableux,Maraîchage,0,0.0
31.1,28.3,58.4,1.5,Argileux,Arboriculture,1,12.88
41.1,33.8,18.4,1.5,Sableux,Maraîchage,1,9.09
61.7,34.0,54.8,1.1,Limoneux,Maraîchage,0,0.0
40.0,19.9,60.6,1.8,Limoneux,Maraîchage,0,0.0
34.1,27.7,49.9,1.4,Sableux,Arboriculture,0,0.0
40.6,20.1,64.5,13.3,Limoneux,Céréales,0,0.0
17.0,24.7,59.0,6.6,Limoneux,Arboriculture,1,9.81
53.7,28.3,45.3,0.7,Sableux,Maraîchage,0,0.0
5.7,8.0,20.1,0.2,Sableux,Maraîchage,1,10.5
35.2,42.9,57.4,0.3,Sableux,Arboriculture,1,13.52
61.7,30.0,37.8,1.0,Sableux,Maraîchage,1,6.0
51.7,21.8,44.6,2.2,Limoneux,Maraîchage,1,6.0
58.0,39.5,63.6,2.2,Sableux,Céréales,1,4.0
43.6,23.6,80.5,1.6,Argileux,Céréales,0,0.0
70.7,26.9,54.3,7.4,Sableux,Maraîchage,0,0.0
65.3,22.6,65.0,5.6,Limoneux,Céréales,0,0.0
54.8,37.6,29.0,7.1,Argileux,Arboriculture,1,8.52
65.4,25.3,59.4,0.5,Limoneux,Céréales,0,0.0
61.5,27.0,53.9,0.5,Argileux,Céréales,0,0.0
35.3,34.4,77.1,4.0,Sableux,Maraîchage,0,0.0
15.4,30.1,45.3,0.4,Sableux,Céréales,1,7.72
54.2,25.6,50.7,3.8,Sableux,Arboriculture,0,0.0
57.0,33.8,74.1,0.2,Sableux,Céréales,0,0.0
69.0,43.8,53.3,2.3,Sableux,Arboriculture,0,0.0
24.4,28.2,35.0,0.2,Sableux,Maraîchage,1,10.44
25.1,26.8,100.0,1.0,Argileux,Maraîchage,0,0.0
55.1,27.2,35.6,1.0,Sableux,Céréales,0,0.0
43.4,35.2,53.8,4.6,Argileux,Maraîchage,1,7.63
3.5,21.8,61.2,0.3,Argileux,Céréales,1,8.93
53.3,24.1,59.8,3.6,Argileux,Arboriculture,1,8.0
4.2,15.2,51.6,1.0,Sableux,Céréales,1,6.56
24.2,17.7,51.7,2.5,Argileux,Céréales,1,5.74
74.7,22.4,50.8,6.9,Limoneux,Arboriculture,0,0.0
85.1,25.6,34.9,4.4,Argileux,Maraîchage,0,0.0
18.3,38.4,93.7,5.0,Limoneux,Arboriculture,1,11.49
37.8,29.8,51.0,10.1,Argileux,Maraîchage,0,0.0
45.9,19.6,65.7,0.3,Limoneux,Arboriculture,0,0.0
84.2,20.9,49.0,8.8,Sableux,Céréales,0,0.0
34.2,35.6,48.6,8.2,Limoneux,Maraîchage,1,6.45
34.5,33.9,46.8,2.5,Sableux,Arboriculture,1,10.64
79.1,26.2,27.1,5.7,Argileux,Maraîchage,0,0.0
36.8,22.9,52.1,0.1,Sableux,Céréales,0,0.0
60.9,33.9,47.7,2.2,Sableux,Arboriculture,0,0.0
12.5,19.0,76.1,1.8,Limoneux,Arboriculture,0,0.0
41.2,28.7,33.5,12.1,Limoneux,Arboriculture,0,0.0
8.5,41.9,44.6,0.9,Sableux,Céréales,1,9.87
21.8,27.4,38.8,2.3,Argileux,Céréales,1,7.88
63.5,20.6,81.0,0.6,Argileux,Maraîchage,0,0.0
43.9,28.9,39.4,2.3,Argileux,Arboriculture,1,11.17
38.0,22.7,65.1,4.9,Limoneux,Céréales,0,0.0
28.5,16.2,72.5,3.7,Limoneux,Arboriculture,0,0.0
40.1,30.9,52.4,0.0,Limoneux,Céréales,1,5.75
51.6,33.8,30.2,0.2,Limoneux,Arboriculture,1,11.41
66.6,23.8,30.4,3.3,Sableux,Maraîchage,0,0.0
2.0,23.4,70.5,2.9,Sableux,Arboriculture,0,0.0
26.7,19.3,32.3,2.1,Sableux,Maraîchage,0,0.0
48.5,25.0,62.1,0.8,Limoneux,Maraîchage,0,0.0
42.8,22.1,57.1,0.0,Sableux,Céréales,0,0.0
53.9,18.9,61.8,4.6,Sableux,Céréales,0,0.0
50.9,39.2,63.5,2.8,Argileux,Arboriculture,1,10.04
38.3,29.3,38.2,4.4,Limoneux,Céréales,1,4.77
33.4,30.0,37.4,4.0,Limoneux,Maraîchage,0,0.0
39.6,32.2,67.9,2.2,Limoneux,Maraîchage,1,6.91
70.3,31.4,43.7,1.5,Argileux,Céréales,1,4.0
28.9,23.1,10.0,0.3,Argileux,Céréales,1,8.38
43.6,27.9,66.7,1.9,Sableux,Céréales,0,0.0
49.0,24.1,36.3,1.9,Argileux,Maraîchage,1,7.0
79.3,29.1,63.4,0.8,Limoneux,Céréales,0,0.0
38.4,28.4,80.1,6.2,Argileux,Céréales,1,4.0
66.1,23.3,55.3,3.3,Limoneux,Arboriculture,0,0.0
72.1,16.7,72.9,0.4,Sableux,Céréales,0,0.0
43.6,27.0,57.8,8.0,Argileux,Arboriculture,0,0.0
40.4,24.6,83.6,2.6,Sableux,Maraîchage,0,0.0
37.8,12.8,35.9,1.0,Argileux,Arboriculture,1,9.56
39.4,29.6,54.9,8.8,Sableux,Maraîchage,0,0.0
63.8,32.8,67.1,1.9,Sableux,Maraîchage,0,0.0
50.1,43.7,51.6,5.5,Limoneux,Arboriculture,0,0.0
50.2,23.3,75.7,3.0,Argileux,Céréales,1,4.0
20.2,22.2,47.2,0.8,Limoneux,Céréales,1,6.75
23.7,18.2,92.2,3.8,Sableux,Céréales,0,0.0
92.2,27.5,93.2,1.0,Sableux,Arboriculture,0,0.0
41.1,27.4,60.1,1.2,Argileux,Maraîchage,0,0.0
28.0,20.3,64.9,1.5,Argileux,Maraîchage,0,0.0
76.5,24.8,76.5,1.4,Sableux,Maraîchage,0,0.0
51.2,12.1,33.6,2.8,Limoneux,Arboriculture,0,0.0
57.7,32.5,31.4,4.5,Sableux,Maraîchage,0,0.0
42.0,20.6,77.6,1.7,Sableux,Céréales,0,0.0
38.0,25.8,59.9,2.1,Argileux,Céréales,1,5.08
41.3,16.0,50.9,0.3,Limoneux,Maraîchage,0,0.0
14.6,21.9,55.2,2.2,Sableux,Céréales,1,5.71
43.1,24.0,12.1,0.6,Limoneux,Maraîchage,1,8.89
51.5,25.9,51.6,1.2,Limoneux,Maraîchage,0,0.0
85.7,29.4,41.4,1.3,Sableux,Maraîchage,0,0.0
46.9,36.1,71.5,2.3,Limoneux,Arboriculture,0,0.0
2.0,31.1,72.9,4.1,Sableux,Céréales,0,0.0
42.9,32.7,65.4,1.9,Sableux,Arboriculture,0,0.0
100.0,36.1,62.1,0.2,Argileux,Céréales,0,0.0
64.1,30.0,28.0,8.1,Argileux,Maraîchage,0,0.0
27.2,25.7,65.6,0.7,Sableux,Céréales,0,0.0
58.0,33.1,66.3,1.8,Argileux,Arboriculture,0,0.0
28.7,33.5,77.4,9.1,Limoneux,Céréales,0,0.0
15.2,30.5,93.1,8.0,Argileux,Maraîchage,1,7.23
37.3,15.8,24.5,2.5,Argileux,Maraîchage,1,7.69
47.0,20.1,48.0,3.7,Limoneux,Arboriculture,0,0.0
3.8,24.1,41.6,5.6,Limoneux,Céréales,1,7.35
19.7,31.5,58.1,1.1,Limoneux,Arboriculture,1,14.94
45.2,25.9,55.2,3.7,Argileux,Céréales,1,4.0
36.0,34.0,50.8,1.0,Sableux,Maraîchage,1,8.27
53.7,35.2,73.5,4.1,Sableux,Arboriculture,0,0.0
18.3,34.4,35.2,1.5,Sableux,Arboriculture,1,15.95
60.7,34.4,36.3,1.0,Sableux,Arboriculture,0,0.0
19.0,18.7,36.6,5.3,Sableux,Arboriculture,0,0.0
81.1,29.4,48.5,0.5,Sableux,Maraîchage,0,0.0
7.3,21.7,32.9,3.2,Argileux,Arboriculture,1,17.29
21.0,14.5,54.1,0.0,Sableux,Maraîchage,0,0.0
54.2,24.0,52.0,1.9,Argileux,Arboriculture,1,8.0
81.6,35.3,40.8,6.0,Sableux,Maraîchage,0,0.0
51.9,29.2,70.7,4.9,Argileux,Céréales,1,4.0
57.4,40.1,53.9,2.2,Sableux,Arboriculture,0,0.0
45.4,27.2,74.1,1.3,Limoneux,Maraîchage,1,6.0
22.4,43.1,51.5,0.8,Sableux,Maraîchage,1,12.4
34.2,27.2,54.6,0.5,Limoneux,Arboriculture,0,0.0
18.3,26.2,44.9,0.2,Limoneux,Maraîchage,1,11.66
16.9,17.0,54.9,1.1,Limoneux,Céréales,1,6.04
53.8,33.8,67.8,0.5,Limoneux,Arboriculture,0,0.0
20.3,22.5,47.6,4.0,Limoneux,Céréales,1,5.64
52.0,21.5,64.3,0.0,Argileux,Céréales,1,4.0
16.4,35.0,40.4,5.0,Limoneux,Céréales,1,7.64
51.5,34.1,68.7,0.7,Limoneux,Céréales,0,0.0
34.2,33.9,44.6,5.8,Sableux,Céréales,1,4.28
75.9,23.5,70.3,3.7,Limoneux,Céréales,0,0.0
52.1,25.6,56.1,0.6,Sableux,Maraîchage,0,0.0
72.2,25.6,82.4,3.1,Sableux,Céréales,0,0.0
28.4,31.5,34.2,12.0,Argileux,Arboriculture,0,0.0
46.2,36.9,28.4,1.6,Sableux,Arboriculture,1,10.92
23.4,28.6,43.9,1.2,Limoneux,Maraîchage,0,0.0
35.9,39.8,30.1,3.7,Argileux,Arboriculture,1,15.57
39.2,32.3,30.1,4.3,Argileux,Arboriculture,1,12.43
29.0,24.4,66.2,2.3,Sableux,Maraîchage,1,6.0
18.3,31.8,54.9,0.2,Sableux,Arboriculture,1,14.63
13.9,37.9,46.4,0.1,Limoneux,Céréales,1,9.78
2.0,40.0,48.0,8.2,Limoneux,Céréales,1,8.43
21.8,34.3,44.2,2.5,Argileux,Arboriculture,1,16.97
58.8,26.2,84.7,1.1,Sableux,Céréales,0,0.0
9.8,24.5,41.8,2.5,Sableux,Céréales,0,0.0
14.9,30.0,31.2,2.3,Sableux,Maraîchage,1,11.48
84.4,37.7,69.3,0.1,Argileux,Arboriculture,0,0.0
31.0,29.0,51.1,0.3,Sableux,Arboriculture,1,11.33
52.1,29.2,91.7,1.3,Limoneux,Maraîchage,0,0.0
59.1,26.4,45.5,12.5,Sableux,Arboriculture,0,0.0
59.6,23.7,70.2,1.2,Sableux,Maraîchage,0,0.0
11.5,24.9,74.5,3.0,Argileux,Céréales,1,7.0
39.9,26.9,45.6,0.2,Sableux,Arboriculture,0,0.0
9.4,38.0,41.6,1.3,Sableux,Maraîchage,1,13.87
98.8,24.3,68.3,1.3,Argileux,Céréales,0,0.0
9.9,26.4,65.3,3.6,Limoneux,Maraîchage,0,0.0
21.9,19.9,29.6,1.0,Sableux,Arboriculture,1,12.19
22.1,31.0,34.7,7.5,Limoneux,Céréales,1,5.84
12.1,35.6,10.0,0.4,Argileux,Céréales,1,11.81
74.8,37.4,65.7,6.2,Limoneux,Arboriculture,1,8.0
98.3,27.4,50.3,0.4,Limoneux,Céréales,0,0.0
34.5,30.0,52.1,5.9,Limoneux,Arboriculture,0,0.0
16.0,24.9,24.6,1.9,Limoneux,Maraîchage,1,12.13
2.0,29.7,35.2,14.1,Sableux,Maraîchage,1,7.14
39.6,28.2,46.4,0.3,Argileux,Arboriculture,1,12.82
38.0,26.4,42.9,2.9,Argileux,Arboriculture,1,11.14
30.7,27.0,57.1,10.7,Sableux,Céréales,0,0.0
49.9,29.2,65.5,2.4,Argileux,Céréales,0,0.0
53.7,23.9,95.9,8.4,Argileux,Maraîchage,0,0.0
52.1,24.3,54.6,0.5,Argileux,Arboriculture,0,0.0
38.0,38.0,75.1,1.2,Limoneux,Arboriculture,1,11.17
20.8,45.0,40.1,1.0,Limoneux,Maraîchage,1,14.76
59.6,17.6,24.9,2.3,Argileux,Céréales,1,4.0
45.3,17.2,48.7,1.5,Sableux,Céréales,0,0.0
64.5,19.3,26.2,0.1,Argileux,Céréales,0,0.0
62.4,25.3,55.3,3.1,Argileux,Arboriculture,0,0.0
13.7,32.3,41.0,1.3,Argileux,Maraîchage,1,14.46
13.4,30.1,19.8,8.9,Limoneux,Maraîchage,1,10.2
28.4,27.2,86.2,1.0,Limoneux,Maraîchage,1,7.32
21.8,29.7,45.3,4.2,Sableux,Arboriculture,0,0.0
61.6,21.2,25.5,2.3,Argileux,Céréales,1,4.0
52.7,24.3,71.2,6.6,Limoneux,Arboriculture,0,0.0
69.2,25.9,41.9,0.7,Sableux,Céréales,0,0.0
53.7,14.9,74.6,0.3,Argileux,Maraîchage,0,0.0
49.6,17.9,41.8,0.5,Limoneux,Céréales,1,4.0
71.4,18.1,45.3,0.3,Limoneux,Maraîchage,0,0.0
55.3,31.3,61.2,3.1,Sableux,Arboriculture,0,0.0
46.5,27.7,65.7,1.1,Argileux,Arboriculture,0,0.0
77.6,30.3,68.8,5.1,Limoneux,Arboriculture,0,0.0
47.5,13.1,53.4,2.3,Argileux,Céréales,0,0.0
38.3,15.6,64.5,8.1,Argileux,Maraîchage,1,6.0
26.6,30.6,68.4,1.2,Sableux,Maraîchage,1,8.01
60.5,8.0,58.6,0.8,Sableux,Céréales,1,4.0
72.2,34.6,52.4,3.7,Argileux,Céréales,0,0.0
43.9,13.2,29.0,0.0,Limoneux,Arboriculture,1,8.0
73.8,31.9,65.8,10.3,Limoneux,Arboriculture,0,0.0
2.0,19.8,55.8,0.0,Sableux,Maraîchage,1,11.33
43.8,33.3,47.6,2.5,Limoneux,Maraîchage,1,7.47
44.1,45.0,78.0,3.1,Argileux,Céréales,1,5.84
29.0,10.1,29.3,5.2,Sableux,Céréales,1,4.0
97.4,30.9,84.6,1.1,Limoneux,Maraîchage,0,0.0
43.5,13.3,54.6,1.8,Argileux,Arboriculture,0,0.0
36.0,29.0,60.7,0.8,Sableux,Arboriculture,1,9.07
45.6,24.6,47.9,0.4,Sableux,Céréales,0,0.0
